tick,avg_avg_hydrolytic_resistance,std_avg_hydrolytic_resistance,min_avg_hydrolytic_resistance,max_avg_hydrolytic_resistance,avg_pct_blocks_in_assemblies,std_pct_blocks_in_assemblies,min_pct_blocks_in_assemblies,max_pct_blocks_in_assemblies
0,0.0,0.0,0.0,0.0,0.0,0.0,0.0,0.0
100,0.516294,0.01893483338541255,0.490357,0.535579,0.0,0.0,0.0,0.0
200,0.5359784999999999,0.01321559983504345,0.521875,0.553069,0.0,0.0,0.0,0.0
300,0.529244,0.016244215770544277,0.507599,0.545882,0.0,0.0,0.0,0.0
400,0.53997425,0.025758515321798625,0.507535,0.569041,0.0,0.0,0.0,0.0
500,0.53974875,0.01996344616835145,0.521962,0.558603,0.0,0.0,0.0,0.0
600,0.5304595,0.01726341280473436,0.515395,0.551983,0.0,0.0,0.0,0.0
700,0.54516525,0.018001635951120303,0.529986,0.570885,0.0,0.0,0.0,0.0
800,0.54927825,0.013318724597973565,0.53317,0.562263,0.0,0.0,0.0,0.0
900,0.534023,0.01873502682143798,0.512674,0.558365,0.0,0.0,0.0,0.0
1000,0.544703,0.021408572005935707,0.527427,0.574152,0.0,0.0,0.0,0.0
1100,0.54493625,0.01530982974812802,0.525124,0.562394,0.0,0.0,0.0,0.0
1200,0.5346655,0.005609353230691243,0.530849,0.542881,0.0,0.0,0.0,0.0
1300,0.537709,0.016295435127666895,0.518817,0.556809,0.0,0.0,0.0,0.0
1400,0.56027175,0.019775670412150403,0.544024,0.586858,0.0,0.0,0.0,0.0
1500,0.539936,0.016749769510851966,0.519618,0.555286,0.0,0.0,0.0,0.0
1600,0.55269225,0.0220965232766756,0.519678,0.566441,0.0,0.0,0.0,0.0
1700,0.55691275,0.007312691040239581,0.549835,0.566214,0.0,0.0,0.0,0.0
1800,0.5414937499999999,0.01673907353818207,0.523766,0.559268,0.0,0.0,0.0,0.0
1900,0.543524,0.014931698251259517,0.525621,0.556978,0.0,0.0,0.0,0.0
2000,0.55627575,0.019466420975190427,0.52865,0.573958,0.0,0.0,0.0,0.0
2100,0.5367045000000001,0.016137003284377154,0.52175,0.559013,0.0,0.0,0.0,0.0
2200,0.5412144999999999,0.01326492592013487,0.522649,0.553627,0.0,0.0,0.0,0.0
2300,0.54357075,0.012941681739634945,0.527894,0.557888,0.0,0.0,0.0,0.0
2400,0.53134275,0.011350703719006427,0.519865,0.541275,0.0,0.0,0.0,0.0
2500,0.5425185,0.018973348685283078,0.516305,0.558841,0.0,0.0,0.0,0.0
2600,0.54469575,0.020183720046529227,0.520795,0.56412,0.0,0.0,0.0,0.0
2700,0.53023075,0.013344951514211955,0.513187,0.541834,0.0,0.0,0.0,0.0
2800,0.5484315,0.02255563111508967,0.518681,0.57113,0.0,0.0,0.0,0.0
2900,0.55584375,0.02762239848836448,0.521106,0.588641,0.0,0.0,0.0,0.0
3000,0.5397507500000001,0.025958832965229123,0.501264,0.558154,0.0,0.0,0.0,0.0
3100,0.55044525,0.024737383860262994,0.516493,0.575754,0.0,0.0,0.0,0.0
3200,0.56026825,0.02517618209571629,0.522919,0.57544,0.0,0.0,0.0,0.0
3300,0.5431057499999999,0.009357562089027221,0.530634,0.553334,0.0,0.0,0.0,0.0
3400,0.5488540000000001,0.01641061077473959,0.533776,0.566614,0.0,0.0,0.0,0.0
3500,0.551907,0.020561703933931797,0.532474,0.572271,0.0,0.0,0.0,0.0
3600,0.53899025,0.020417140582935072,0.52021,0.557632,0.0,0.0,0.0,0.0
3700,0.5472235,0.015151091852844568,0.525938,0.559425,0.0,0.0,0.0,0.0
3800,0.55371725,0.01583544089218863,0.533367,0.566751,0.0,0.0,0.0,0.0
3900,0.5506592499999999,0.010457980441589439,0.53536,0.558577,0.0,0.0,0.0,0.0
4000,0.5500542500000001,0.016480975282124534,0.534281,0.56564,0.0,0.0,0.0,0.0
4100,0.5599195000000001,0.01564379085558655,0.549278,0.582999,0.0,0.0,0.0,0.0
4200,0.54365075,0.012252406304477501,0.532211,0.555512,0.0,0.0,0.0,0.0
4300,0.54882525,0.01888206546567402,0.524032,0.569593,0.0,0.0,0.0,0.0
4400,0.5521665,0.01322939707620873,0.535149,0.565168,0.0,0.0,0.0,0.0
4500,0.53729025,0.009903630256123223,0.523144,0.545917,0.0,0.0,0.0,0.0
4600,0.54560225,0.01839393790310636,0.521467,0.561636,0.0,0.0,0.0,0.0
4700,0.5549575,0.015555963283148589,0.539105,0.574348,0.0,0.0,0.0,0.0
4800,0.5395905,0.007506490058609303,0.529959,0.546725,0.0,0.0,0.0,0.0
4900,0.54936725,0.01280552795670681,0.532049,0.562128,0.0,0.0,0.0,0.0
5000,0.5533965,0.0165157145874265,0.530197,0.568835,0.0,0.0,0.0,0.0
5100,0.5421975,0.0118075442690962,0.533808,0.559317,0.0,0.0,0.0,0.0
5200,0.54309425,0.014840747181886334,0.528785,0.559454,0.0,0.0,0.0,0.0
5300,0.54817275,0.01518869053769943,0.533285,0.568859,0.0,0.0,0.0,0.0
5400,0.533924,0.020064067600231685,0.51269,0.560577,0.0,0.0,0.0,0.0
5500,0.54450475,0.024919142633391997,0.512084,0.572625,0.0,0.0,0.0,0.0
5600,0.56424625,0.017742088065294523,0.545177,0.581077,0.0,0.0,0.0,0.0
5700,0.548166,0.013108846504047051,0.532912,0.561135,0.0,0.0,0.0,0.0
5800,0.55357175,0.007550166107444262,0.544606,0.562864,0.0,0.0,0.0,0.0
5900,0.5573207499999999,0.010345222129885187,0.541806,0.56278,0.0,0.0,0.0,0.0
6000,0.5395887500000001,0.01402973837662938,0.527303,0.553111,0.0,0.0,0.0,0.0
6100,0.54891075,0.012156375868242957,0.536608,0.564676,0.0,0.0,0.0,0.0
6200,0.54940675,0.009885698032174213,0.540597,0.558165,0.0,0.0,0.0,0.0
6300,0.538247,0.015438235240251164,0.521227,0.556596,0.0,0.0,0.0,0.0
6400,0.5445850000000001,0.014719445687026824,0.530024,0.559998,0.0,0.0,0.0,0.0
6500,0.5494315,0.012041612917988507,0.532476,0.559057,0.0,0.0,0.0,0.0
6600,0.5437395,0.015105533125315351,0.52434,0.558797,0.0,0.0,0.0,0.0
6700,0.546671,0.017170354956532886,0.523416,0.564816,0.0,0.0,0.0,0.0
6800,0.56713175,0.021769506568822365,0.536567,0.5865,0.0,0.0,0.0,0.0
6900,0.544415,0.022412540552110564,0.519914,0.567401,0.0,0.0,0.0,0.0
7000,0.552546,0.013125015377768747,0.535823,0.567538,0.0,0.0,0.0,0.0
7100,0.555984,0.019138291738466796,0.532904,0.579678,0.0,0.0,0.0,0.0
7200,0.5439332499999999,0.02026994284443513,0.515528,0.562759,0.0,0.0,0.0,0.0
7300,0.54703775,0.01904363474366174,0.525616,0.565829,0.0,0.0,0.0,0.0
7400,0.557191,0.029536697344151392,0.526515,0.593193,0.0,0.0,0.0,0.0
7500,0.5454927500000001,0.02327112970148491,0.522363,0.566235,0.0,0.0,0.0,0.0
7600,0.5484977499999999,0.023971321370546077,0.522378,0.578154,0.0,0.0,0.0,0.0
7700,0.55608125,0.02221032017441442,0.528072,0.5816,0.0,0.0,0.0,0.0
7800,0.5359055,0.021120364872163847,0.512283,0.560709,0.0,0.0,0.0,0.0
7900,0.54872325,0.02973862674900551,0.518472,0.576746,0.0,0.0,0.0,0.0
8000,0.55276375,0.018636842621985825,0.531126,0.570022,0.0,0.0,0.0,0.0
8100,0.5362232499999999,0.02072467545986349,0.510454,0.557266,0.0,0.0,0.0,0.0
8200,0.55200525,0.016731315337314822,0.52912,0.569253,0.0,0.0,0.0,0.0
8300,0.5533545,0.01319130522983479,0.536331,0.567619,0.0,0.0,0.0,0.0
8400,0.53927975,0.024480638041453624,0.51088,0.566673,0.0,0.0,0.0,0.0
8500,0.545141,0.02772726183139379,0.512102,0.570251,0.0,0.0,0.0,0.0
8600,0.561606,0.019584060627629424,0.540181,0.582347,0.0,0.0,0.0,0.0
8700,0.54758225,0.026213930423536227,0.517812,0.576449,0.0,0.0,0.0,0.0
8800,0.5469597500000001,0.024088545498846536,0.518216,0.571747,0.0,0.0,0.0,0.0
8900,0.5501912499999999,0.021405002022502458,0.530813,0.577362,0.0,0.0,0.0,0.0
9000,0.5379512500000001,0.00734832721894355,0.526942,0.542123,0.0,0.0,0.0,0.0
9100,0.54480575,0.015509958443421627,0.522445,0.555762,0.0,0.0,0.0,0.0
9200,0.55093675,0.01499185882126249,0.532537,0.563831,0.0,0.0,0.0,0.0
9300,0.541339,0.010113352230261406,0.526427,0.547635,0.0,0.0,0.0,0.0
9400,0.5456172499999999,0.023634847808197704,0.519029,0.576396,0.0,0.0,0.0,0.0
9500,0.5660235,0.027994033108265502,0.529306,0.591324,0.0,0.0,0.0,0.0
9600,0.55150075,0.019500392583655005,0.524833,0.570211,0.0,0.0,0.0,0.0
9700,0.5522755,0.022320187656021177,0.523305,0.576817,0.0,0.0,0.0,0.0
9800,0.55527075,0.021794444634279327,0.527127,0.579968,0.0,0.0,0.0,0.0
9900,0.54333175,0.021710776039791834,0.515784,0.565222,0.0,0.0,0.0,0.0
10000,0.54315125,0.020589893093052515,0.514569,0.559753,0.0,0.0,0.0,0.0
10100,0.548355,0.015376791581254323,0.529153,0.566288,0.0,0.0,0.0,0.0
10200,0.5447457499999999,0.014777927310124837,0.524295,0.559252,0.0,0.0,0.0,0.0
10300,0.5366175,0.022283150368234146,0.506509,0.559145,0.0,0.0,0.0,0.0
10400,0.5437192500000001,0.020985900876143798,0.51448,0.56422,0.0,0.0,0.0,0.0
10500,0.54080475,0.02680538358085305,0.502492,0.564579,0.0,0.0,0.0,0.0
10600,0.5544705000000001,0.013531753039918088,0.540464,0.567193,0.0,0.0,0.0,0.0
10700,0.5531255,0.011538030811191313,0.53944,0.567671,0.0,0.0,0.0,0.0
10800,0.53830925,0.01210229334671742,0.523963,0.551647,0.0,0.0,0.0,0.0
10900,0.55484975,0.01167375604721976,0.543842,0.566486,0.0,0.0,0.0,0.0
11000,0.5568452500000001,0.025339637439855622,0.527471,0.579861,0.0,0.0,0.0,0.0
11100,0.5424159999999999,0.007982367986172174,0.531493,0.550653,0.0,0.0,0.0,0.0
11200,0.542461,0.022691631276750467,0.518022,0.56863,0.0,0.0,0.0,0.0
11300,0.54055675,0.004675048047881442,0.535704,0.54571,0.0,0.0,0.0,0.0
11400,0.52657825,0.007834938050169904,0.521502,0.538155,0.0,0.0,0.0,0.0
11500,0.54549075,0.008180927876266047,0.540064,0.557442,0.0,0.0,0.0,0.0
11600,0.5491222499999999,0.016759919537893554,0.529872,0.57002,0.0,0.0,0.0,0.0
11700,0.5397795000000001,0.014278933725363856,0.521833,0.556774,0.0,0.0,0.0,0.0
11800,0.542789,0.00875272852696043,0.537458,0.555771,0.0,0.0,0.0,0.0
11900,0.5449845,0.015168097452658092,0.524455,0.559769,0.0,0.0,0.0,0.0
12000,0.540028,0.015055111800758343,0.519989,0.555965,0.0,0.0,0.0,0.0
12100,0.5451915,0.016925112259598172,0.52783,0.568428,0.0,0.0,0.0,0.0
12200,0.5496142500000001,0.013480205151134246,0.538264,0.568035,0.0,0.0,0.0,0.0
12300,0.54317925,0.005686072362946719,0.537891,0.549831,0.0,0.0,0.0,0.0
12400,0.55643825,0.022516218027235392,0.534219,0.580688,0.0,0.0,0.0,0.0
12500,0.55959725,0.009934643639809127,0.546501,0.569874,0.0,0.0,0.0,0.0
12600,0.5485225,0.011701853770521416,0.536101,0.560512,0.0,0.0,0.0,0.0
12700,0.5508912499999999,0.011698089170886005,0.53591,0.562976,0.0,0.0,0.0,0.0
12800,0.5596857500000001,0.010017907278967994,0.554029,0.574685,0.0,0.0,0.0,0.0
12900,0.5381779999999999,0.00884133440154822,0.527328,0.548918,0.0,0.0,0.0,0.0
13000,0.5506815,0.010035322333305145,0.540284,0.564236,0.0,0.0,0.0,0.0
13100,0.55749325,0.01593974588620113,0.543155,0.573825,0.0,0.0,0.0,0.0
13200,0.54490525,0.004225300886721942,0.539648,0.548978,0.0,0.0,0.0,0.0
13300,0.5533872500000001,0.012533523590089659,0.541071,0.570652,0.0,0.0,0.0,0.0
13400,0.55269625,0.010886047564811293,0.54303,0.568131,0.0,0.0,0.0,0.0
13500,0.541863,0.0119337036441612,0.528021,0.552673,0.0,0.0,0.0,0.0
13600,0.54639225,0.019470709101536768,0.524232,0.565073,0.0,0.0,0.0,0.0
13700,0.5618045,0.019247117022210516,0.539556,0.581834,0.0,0.0,0.0,0.0
13800,0.54927625,0.012004568612962866,0.538025,0.560883,0.0,0.0,0.0,0.0
13900,0.55600175,0.012783945540533758,0.542899,0.573337,0.0,0.0,0.0,0.0
14000,0.562611,0.027078939737983344,0.530546,0.59102,0.0,0.0,0.0,0.0
14100,0.5468215000000001,0.021334702161814493,0.528086,0.569345,0.0,0.0,0.0,0.0
14200,0.5514275,0.018576406299389545,0.528394,0.571412,0.0,0.0,0.0,0.0
14300,0.5560102499999999,0.020799668384776388,0.537735,0.585787,0.0,0.0,0.0,0.0
14400,0.53842125,0.012730236902089955,0.52514,0.553562,0.0,0.0,0.0,0.0
14500,0.5434875,0.014849183243532302,0.526544,0.562413,0.0,0.0,0.0,0.0
14600,0.54796575,0.019684780506353985,0.519292,0.563543,0.0,0.0,0.0,0.0
14700,0.53777425,0.012739999408032441,0.525667,0.550942,0.0,0.0,0.0,0.0
14800,0.55161775,0.01219755757996932,0.536013,0.565118,0.0,0.0,0.0,0.0
14900,0.55964475,0.009916598891925263,0.547211,0.57116,0.0,0.0,0.0,0.0
15000,0.54190825,0.016599415720139062,0.519757,0.557385,0.0,0.0,0.0,0.0
15100,0.545335,0.022000145014673605,0.519585,0.57257,0.0,0.0,0.0,0.0
15200,0.5469025000000001,0.02618236906138684,0.524446,0.575341,0.0,0.0,0.0,0.0
15300,0.5367672499999999,0.01727959907665685,0.518239,0.553045,0.0,0.0,0.0,0.0
15400,0.54532675,0.020100364613193766,0.520449,0.566457,0.0,0.0,0.0,0.0
15500,0.55195275,0.010836453182814624,0.538015,0.564481,0.0,0.0,0.0,0.0
15600,0.5432045000000001,0.011999748733480474,0.528696,0.556466,0.0,0.0,0.0,0.0
15700,0.55189475,0.022878639868882045,0.520884,0.573884,0.0,0.0,0.0,0.0
15800,0.5621050000000001,0.02382128178751089,0.53151,0.586602,0.0,0.0,0.0,0.0
15900,0.543924,0.023569325022155394,0.513848,0.570101,0.0,0.0,0.0,0.0
16000,0.54869925,0.02258072909031061,0.52272,0.571166,0.0,0.0,0.0,0.0
16100,0.55286825,0.018242585094132516,0.531312,0.57578,0.0,0.0,0.0,0.0
16200,0.5436812500000001,0.024934431192964235,0.515227,0.57249,0.0,0.0,0.0,0.0
16300,0.551485,0.02120961668677679,0.525713,0.574781,0.0,0.0,0.0,0.0
16400,0.554133,0.025614463193021773,0.525689,0.57984,0.0,0.0,0.0,0.0
16500,0.5424415,0.0126507573027599,0.531645,0.558612,0.0,0.0,0.0,0.0
16600,0.5397284999999999,0.018419471174095464,0.519725,0.557983,0.0,0.0,0.0,0.0
16700,0.55954275,0.022652254153836423,0.535654,0.586957,0.0,0.0,0.0,0.0
16800,0.54177125,0.006278900454431997,0.533294,0.548191,0.0,0.0,0.0,0.0
16900,0.5596637499999999,0.012207591336950954,0.541531,0.567893,0.0,0.0,0.0,0.0
17000,0.56350875,0.014829615130429599,0.543779,0.579762,0.0,0.0,0.0,0.0
17100,0.55148725,0.01201362039173316,0.534677,0.563209,0.0,0.0,0.0,0.0
17200,0.55047225,0.01050011870964645,0.535777,0.55815,0.0,0.0,0.0,0.0
17300,0.5616305,0.02374961002486849,0.536905,0.58578,0.0,0.0,0.0,0.0
17400,0.54639675,0.016556623314653674,0.531194,0.568351,0.0,0.0,0.0,0.0
17500,0.5493982500000001,0.014713062390837162,0.532104,0.563969,0.0,0.0,0.0,0.0
17600,0.55661425,0.013631337263208396,0.541365,0.571218,0.0,0.0,0.0,0.0
17700,0.545872,0.019945248523562355,0.524012,0.566604,0.0,0.0,0.0,0.0
17800,0.55085825,0.015652855785766386,0.532991,0.567546,0.0,0.0,0.0,0.0
17900,0.5553435,0.014195528086924626,0.537486,0.572228,0.0,0.0,0.0,0.0
18000,0.5478815,0.018807614034392215,0.524519,0.56533,0.0,0.0,0.0,0.0
18100,0.5450427499999999,0.022556797000386958,0.513641,0.56253,0.0,0.0,0.0,0.0
18200,0.56091575,0.024405699803870962,0.528641,0.583798,0.0,0.0,0.0,0.0
18300,0.5457529999999999,0.02433787440732382,0.512153,0.568219,0.0,0.0,0.0,0.0
18400,0.54370825,0.020715524667504825,0.518095,0.564289,0.0,0.0,0.0,0.0
18500,0.5608525,0.022573162376296876,0.529827,0.583517,0.0,0.0,0.0,0.0
18600,0.54761625,0.017954159933471315,0.52341,0.56649,0.0,0.0,0.0,0.0
18700,0.547898,0.025665355936229158,0.510108,0.565509,0.0,0.0,0.0,0.0
18800,0.54982525,0.013048483829548927,0.530355,0.55779,0.0,0.0,0.0,0.0
18900,0.5492300000000001,0.02233259684855299,0.520337,0.572785,0.0,0.0,0.0,0.0
19000,0.5513695000000001,0.015667708500819975,0.532657,0.567768,0.0,0.0,0.0,0.0
19100,0.55425675,0.021063235971315857,0.530245,0.581249,0.0,0.0,0.0,0.0
19200,0.5422342499999999,0.01995756291693287,0.522388,0.562651,0.0,0.0,0.0,0.0
19300,0.55268625,0.01647771249041162,0.539837,0.574635,0.0,0.0,0.0,0.0
19400,0.56193675,0.021839118653996358,0.529348,0.575699,0.0,0.0,0.0,0.0
19500,0.5463977499999999,0.015712321351410808,0.525713,0.558991,0.0,0.0,0.0,0.0
19600,0.5521155,0.02783206436827852,0.528738,0.585272,0.0,0.0,0.0,0.0
19700,0.5560345,0.02004247004904003,0.527628,0.571063,0.0,0.0,0.0,0.0
19800,0.539603,0.014067764735972333,0.526063,0.55253,0.0,0.0,0.0,0.0
19900,0.547921,0.02329890116149976,0.516365,0.56664,0.0,0.0,0.0,0.0
20000,0.5539569999999999,0.019741779791430467,0.530379,0.578391,0.0,0.0,0.0,0.0
20100,0.5367455,0.017553114756836373,0.511566,0.549415,0.0,0.0,0.0,0.0
20200,0.5489655,0.016406041438039407,0.525243,0.562329,0.0,0.0,0.0,0.0
20300,0.54886875,0.022544436732447604,0.519004,0.567788,0.0,0.0,0.0,0.0
20400,0.53929475,0.018388519867478893,0.512695,0.554553,0.0,0.0,0.0,0.0
20500,0.54567125,0.018030748632544367,0.524076,0.566439,0.0,0.0,0.0,0.0
20600,0.5528852500000001,0.017979240573042378,0.530313,0.570104,0.0,0.0,0.0,0.0
20700,0.5377912499999999,0.015598589581005906,0.522969,0.555734,0.0,0.0,0.0,0.0
20800,0.5542075000000001,0.018838678200270124,0.529737,0.57546,0.0,0.0,0.0,0.0
20900,0.5576625000000001,0.020998137528520606,0.533313,0.584413,0.0,0.0,0.0,0.0
21000,0.5416510000000001,0.016804857531876508,0.529077,0.565655,0.0,0.0,0.0,0.0
21100,0.54857,0.023313004453880837,0.523161,0.573239,0.0,0.0,0.0,0.0
21200,0.5561470000000001,0.015740110736586335,0.546374,0.579644,0.0,0.0,0.0,0.0
21300,0.54941375,0.014871650622913403,0.535408,0.570053,0.0,0.0,0.0,0.0
21400,0.557648,0.010088879653691337,0.545098,0.567833,0.0,0.0,0.0,0.0
21500,0.563677,0.02294847615856007,0.540657,0.58342,0.0,0.0,0.0,0.0
21600,0.554214,0.014492858540214423,0.538702,0.572799,0.0,0.0,0.0,0.0
21700,0.56265575,0.013160481181046046,0.550159,0.576315,0.0,0.0,0.0,0.0
21800,0.56885025,0.023867459959465025,0.548679,0.60346,0.0,0.0,0.0,0.0
21900,0.5512895,0.026283647723759084,0.521444,0.585495,0.0,0.0,0.0,0.0
22000,0.553448,0.028894959548913267,0.525451,0.593052,0.0,0.0,0.0,0.0
22100,0.55691775,0.011180219180171147,0.549207,0.572979,0.0,0.0,0.0,0.0
22200,0.550486,0.01748817640578913,0.53338,0.571591,0.0,0.0,0.0,0.0
22300,0.554959,0.015632042199704224,0.543377,0.577755,0.0,0.0,0.0,0.0
22400,0.56733725,0.02696113139781043,0.530709,0.594528,0.0,0.0,0.0,0.0
22500,0.5485129999999999,0.020249371957339012,0.523349,0.571689,0.0,0.0,0.0,0.0
22600,0.5486595000000001,0.026394271834370944,0.518448,0.578806,0.0,0.0,0.0,0.0
22700,0.5591955,0.01805286844243874,0.535407,0.577518,0.0,0.0,0.0,0.0
22800,0.552764,0.018953836990611324,0.529073,0.573062,0.0,0.0,0.0,0.0
22900,0.54922925,0.03631718720179193,0.502081,0.581164,0.0,0.0,0.0,0.0
23000,0.55836675,0.023999554751078192,0.525439,0.581839,0.0,0.0,0.0,0.0
23100,0.5525847500000001,0.016647174862920947,0.531737,0.572478,0.0,0.0,0.0,0.0
23200,0.5522045,0.020697110015651967,0.523307,0.569138,0.0,0.0,0.0,0.0
23300,0.55783575,0.023759746173938785,0.532757,0.585378,0.0,0.0,0.0,0.0
23400,0.54216325,0.02973763062042209,0.515619,0.579727,0.0,0.0,0.0,0.0
23500,0.5530997500000001,0.028056574753819584,0.529892,0.592936,0.0,0.0,0.0,0.0
23600,0.56556325,0.012671111931607795,0.55214,0.579375,0.53,1.06,0.0,2.12
23700,0.544716,0.013260009074908926,0.528543,0.555672,0.365,0.73,0.0,1.46
23800,0.55240775,0.01221928877840275,0.539227,0.567946,0.0,0.0,0.0,0.0
23900,0.557275,0.021000793619924598,0.535773,0.578995,0.0,0.0,0.0,0.0
24000,0.556975,0.017024547238228303,0.535906,0.577581,0.0,0.0,0.0,0.0
24100,0.5530065,0.013492288822385413,0.539184,0.569171,0.0,0.0,0.0,0.0
24200,0.56385325,0.02328438783641663,0.539671,0.589852,0.0,0.0,0.0,0.0
24300,0.5517190000000001,0.014801029018281129,0.537678,0.57228,0.0,0.0,0.0,0.0
24400,0.55634925,0.017978062713114158,0.535518,0.578471,0.0,0.0,0.0,0.0
24500,0.5597215,0.017237609685413647,0.543592,0.580892,0.0,0.0,0.0,0.0
24600,0.5485585,0.009433915924294992,0.539902,0.560665,0.0,0.0,0.0,0.0
24700,0.5506035,0.020258740804897,0.530741,0.576965,0.0,0.0,0.0,0.0
24800,0.5558892500000001,0.020758839777710755,0.533576,0.574295,0.0,0.0,0.0,0.0
24900,0.55061925,0.020400698670633797,0.531764,0.570062,0.0,0.0,0.0,0.0
25000,0.54897325,0.021655144182926425,0.526791,0.570305,0.0,0.0,0.0,0.0
25100,0.5594555,0.020773690869302294,0.541173,0.577852,0.0,0.0,0.0,0.0
25200,0.54933525,0.010597284003460496,0.539263,0.561193,0.0,0.0,0.0,0.0
25300,0.5586720000000001,0.019442836675752875,0.531094,0.576207,0.0,0.0,0.0,0.0
25400,0.5686295,0.02176059229432875,0.546685,0.594707,0.0,0.0,0.0,0.0
25500,0.544173,0.020314635495950514,0.525131,0.566689,0.0,0.0,0.0,0.0
25600,0.5558565,0.0047479683725427674,0.55071,0.562182,0.0,0.0,0.0,0.0
25700,0.5538489999999999,0.01073113641077526,0.542415,0.563102,0.0,0.0,0.0,0.0
25800,0.5433835,0.02003875668964189,0.513701,0.557679,0.0,0.0,0.0,0.0
25900,0.5539862499999999,0.013474446961440302,0.538198,0.565953,0.0,0.0,0.0,0.0
26000,0.5565895000000001,0.014867426688345672,0.539709,0.570174,0.0,0.0,0.0,0.0
26100,0.53933975,0.01583440609085164,0.518452,0.555835,0.0,0.0,0.0,0.0
26200,0.5431905,0.011092518965501013,0.533436,0.55302,0.0,0.0,0.0,0.0
26300,0.55372575,0.021201886006909882,0.529921,0.580068,0.0,0.0,0.0,0.0
26400,0.5391865,0.014398964372481799,0.519567,0.55413,0.0,0.0,0.0,0.0
26500,0.54072925,0.014646341895390345,0.519135,0.55033,0.0,0.0,0.0,0.0
26600,0.5485005,0.01826408785020483,0.52756,0.571986,0.0,0.0,0.0,0.0
26700,0.5444530000000001,0.015036856386891503,0.521927,0.55289,0.0,0.0,0.0,0.0
26800,0.53868275,0.014764124590258193,0.519311,0.553677,0.0,0.0,0.0,0.0
26900,0.550292,0.006682741553185078,0.540514,0.554702,0.0,0.0,0.0,0.0
27000,0.5441205,0.0122152119779669,0.533589,0.561703,0.0,0.0,0.0,0.0
27100,0.54742975,0.013812238688327604,0.528627,0.561288,0.0,0.0,0.0,0.0
27200,0.55287775,0.008705501301858898,0.54065,0.561273,0.0,0.0,0.0,0.0
27300,0.5412542499999999,0.02217796309214772,0.515469,0.569332,0.0,0.0,0.0,0.0
27400,0.55036575,0.014790830388566186,0.530737,0.565217,0.0,0.0,0.0,0.0
27500,0.56339675,0.014274261974500388,0.552252,0.584173,0.0,0.0,0.0,0.0
27600,0.5510517500000001,0.007877598296223698,0.544158,0.562384,0.0,0.0,0.0,0.0
27700,0.5582477499999999,0.0033195513125521374,0.553505,0.561238,0.0,0.0,0.0,0.0
27800,0.5650575,0.012937784624888461,0.546712,0.577005,0.0,0.0,0.0,0.0
27900,0.5490217500000001,0.01827882475024035,0.5318,0.565215,0.0,0.0,0.0,0.0
28000,0.55322625,0.01762114395406834,0.532432,0.574147,0.0,0.0,0.0,0.0
28100,0.54829825,0.03046531410609995,0.511503,0.581241,0.0,0.0,0.0,0.0
28200,0.5391765,0.013350524147013878,0.522237,0.554871,0.0,0.0,0.0,0.0
28300,0.55052375,0.012919416895381404,0.531347,0.559306,0.0,0.0,0.0,0.0
28400,0.56333025,0.018181353165170822,0.541358,0.58428,0.0,0.0,0.0,0.0
28500,0.54550975,0.011466935986420543,0.537145,0.562225,0.0,0.0,0.0,0.0
28600,0.543585,0.014395365156882937,0.52446,0.556183,0.0,0.0,0.0,0.0
28700,0.556865,0.014530931697589133,0.535245,0.566655,0.0,0.0,0.0,0.0
28800,0.54357,0.014074369423411748,0.529354,0.559668,0.0,0.0,0.0,0.0
28900,0.546197,0.019295708572978947,0.527104,0.572292,0.0,0.0,0.0,0.0
29000,0.55849075,0.022057931806570938,0.528164,0.579062,0.0,0.0,0.0,0.0
29100,0.54382175,0.016005581242699882,0.520459,0.554472,0.0,0.0,0.0,0.0
29200,0.54790275,0.017804838151000823,0.522743,0.562258,0.0,0.0,0.0,0.0
29300,0.5597235,0.023173290379227544,0.527278,0.580531,0.0,0.0,0.0,0.0
29400,0.547525,0.015930353814861298,0.532602,0.570058,0.0,0.0,0.0,0.0
29500,0.5527765,0.02271483194596282,0.529803,0.576833,0.0,0.0,0.0,0.0
29600,0.55741925,0.018492975033329088,0.534153,0.579363,0.0,0.0,0.0,0.0
29700,0.5416105,0.016192943514588925,0.519894,0.555274,0.0,0.0,0.0,0.0
29800,0.5426219999999999,0.0075269468356476904,0.531615,0.547989,0.0,0.0,0.0,0.0
29900,0.551411,0.015563115754886604,0.53692,0.568406,0.0,0.0,0.0,0.0
30000,0.54381725,0.021149307260128702,0.51405,0.563919,0.0,0.0,0.0,0.0
30100,0.54783875,0.01717363010305818,0.529043,0.568353,0.0,0.0,0.0,0.0
30200,0.5544035,0.020571032262220894,0.526969,0.570933,0.0,0.0,0.0,0.0
30300,0.5390785,0.01916273039870191,0.517859,0.557145,0.0,0.0,0.0,0.0
30400,0.55091325,0.016675252869147148,0.531346,0.569082,0.0,0.0,0.0,0.0
30500,0.55572675,0.022317867795035123,0.524007,0.574795,0.0,0.0,0.0,0.0
30600,0.5410807499999999,0.021351411824904395,0.510061,0.556377,0.0,0.0,0.0,0.0
30700,0.54237875,0.025195711558054206,0.510038,0.563928,0.0,0.0,0.0,0.0
30800,0.5569635,0.02256738558923767,0.526622,0.58112,0.0,0.0,0.0,0.0
30900,0.543614,0.019962519897714956,0.522845,0.56844,0.0,0.0,0.0,0.0
31000,0.5427325000000001,0.01994554527540756,0.516456,0.564936,0.0,0.0,0.0,0.0
31100,0.55963125,0.024328246962122015,0.525957,0.581996,0.0,0.0,0.0,0.0
31200,0.54613725,0.018805631202293286,0.520319,0.562408,0.0,0.0,0.0,0.0
31300,0.5645575,0.017020257391316587,0.548216,0.583273,0.0,0.0,0.0,0.0
31400,0.56253175,0.02513827609277667,0.536435,0.593962,0.0,0.0,0.0,0.0
31500,0.545291,0.015459371806987091,0.524204,0.558475,0.0,0.0,0.0,0.0
31600,0.552083,0.018552499364416268,0.533115,0.574576,0.0,0.0,0.0,0.0
31700,0.5557734999999999,0.01599382775739859,0.536609,0.571671,0.0,0.0,0.0,0.0
31800,0.553009,0.01190420715545559,0.545098,0.570658,0.0,0.0,0.0,0.0
31900,0.55309125,0.018304201637420116,0.535568,0.572713,0.0,0.0,0.0,0.0
32000,0.56074525,0.014922572999207157,0.544697,0.576436,0.0,0.0,0.0,0.0
32100,0.54468425,0.011441459183600679,0.533347,0.557332,0.0,0.0,0.0,0.0
32200,0.547364,0.009945668437398615,0.537438,0.557495,0.0,0.0,0.0,0.0
32300,0.5541287500000001,0.01126282837109164,0.542447,0.567886,0.0,0.0,0.0,0.0
32400,0.547406,0.01893759182155959,0.52877,0.564506,0.0,0.0,0.0,0.0
32500,0.54286175,0.023230130540241627,0.520292,0.566997,0.0,0.0,0.0,0.0
32600,0.5528710000000001,0.03242972715477784,0.508238,0.585335,0.0,0.0,0.0,0.0
32700,0.541031,0.013777426392472581,0.521826,0.552363,0.0,0.0,0.0,0.0
32800,0.554587,0.02550963438912183,0.52628,0.577798,0.0,0.0,0.0,0.0
32900,0.555852,0.025785705794748606,0.527105,0.581444,0.0,0.0,0.0,0.0
33000,0.5448725,0.01701519245654697,0.526173,0.561387,0.0,0.0,0.0,0.0
33100,0.54156625,0.016168640870009247,0.519258,0.556859,0.0,0.0,0.0,0.0
33200,0.56103275,0.01346893164223999,0.541627,0.572796,0.0,0.0,0.0,0.0
33300,0.5490165,0.021168089513857135,0.526415,0.571455,0.0,0.0,0.0,0.0
33400,0.55286725,0.006710023515855494,0.545009,0.561104,0.0,0.0,0.0,0.0
33500,0.55973275,0.015775955657793495,0.543345,0.57526,0.0,0.0,0.0,0.0
33600,0.54425225,0.013992842846136272,0.528408,0.561137,0.0,0.0,0.0,0.0
33700,0.54997425,0.018774405048274278,0.526719,0.568821,0.0,0.0,0.0,0.0
33800,0.5575445000000001,0.01986604994288834,0.528424,0.573207,1.115,2.23,0.0,4.46
33900,0.53724825,0.02243550231775521,0.504216,0.554275,0.9875,1.9750000000000003,0.0,3.95
34000,0.5372764999999999,0.018764590083452395,0.512864,0.557696,1.0,2.0,0.0,4.0
34100,0.5537455,0.01902805112634155,0.531334,0.570872,0.8725,1.745,0.0,3.49
34200,0.5444365,0.011064194879580415,0.529845,0.556652,0.4925,0.985,0.0,1.97
34300,0.54386,0.016819461564905512,0.521316,0.561207,0.51,1.02,0.0,2.04
34400,0.5535527499999999,0.023568170589094654,0.518344,0.56805,0.62,1.24,0.0,2.48
34500,0.54087025,0.018306013008025545,0.517267,0.559884,0.37,0.74,0.0,1.48
34600,0.55307975,0.016393120373599798,0.534633,0.570585,0.3925,0.785,0.0,1.57
34700,0.55614525,0.01849744586647932,0.533626,0.571775,0.415,0.83,0.0,1.66
34800,0.5464694999999999,0.017093708286969253,0.520982,0.556424,0.405,0.81,0.0,1.62
34900,0.5617705000000001,0.014949842507531664,0.548898,0.578875,0.3875,0.775,0.0,1.55
35000,0.5716635,0.007381702174972963,0.563298,0.578725,0.0,0.0,0.0,0.0
35100,0.55238575,0.014407233400275023,0.532081,0.566123,0.0,0.0,0.0,0.0
35200,0.55520225,0.021430420673659228,0.534481,0.581021,0.0,0.0,0.0,0.0
35300,0.5565067499999999,0.01870663182537145,0.534494,0.574137,0.0,0.0,0.0,0.0
35400,0.5495705,0.015440804609864077,0.531333,0.562722,0.0,0.0,0.0,0.0
35500,0.54801475,0.014458046096090124,0.530432,0.562486,0.0,0.0,0.0,0.0
35600,0.55386175,0.01726111698539042,0.533864,0.572037,0.0,0.0,0.0,0.0
35700,0.54546625,0.01849231423006141,0.5217,0.562958,0.0,0.0,0.0,0.0
35800,0.551463,0.019650825699360986,0.526032,0.571134,0.0,0.0,0.0,0.0
35900,0.55983475,0.016913624988452322,0.539066,0.580355,0.0,0.0,0.0,0.0
36000,0.5441035000000001,0.020298308542010767,0.521496,0.56923,0.0,0.0,0.0,0.0
36100,0.54524625,0.01630369989450245,0.529795,0.565039,0.0,0.0,0.0,0.0
36200,0.5564167499999999,0.02074758773729292,0.534708,0.581442,0.0,0.0,0.0,0.0
36300,0.5456762500000001,0.019190505992547457,0.521296,0.565016,0.0,0.0,0.0,0.0
36400,0.561405,0.02120812179331306,0.544699,0.589662,0.0,0.0,0.0,0.0
36500,0.55939725,0.009491474433230406,0.548577,0.570661,0.0,0.0,0.0,0.0
36600,0.548765,0.0219644819955612,0.517023,0.567475,0.0,0.0,0.0,0.0
36700,0.5545065,0.02641831573612013,0.527324,0.59017,0.0,0.0,0.0,0.0
36800,0.5590379999999999,0.021671549413920563,0.529453,0.581263,0.0,0.0,0.0,0.0
36900,0.546052,0.02605743498504794,0.51111,0.57273,0.0,0.0,0.0,0.0
37000,0.54590725,0.02768844149189335,0.510929,0.576319,0.0,0.0,0.0,0.0
37100,0.558163,0.013806955372806401,0.54733,0.576459,0.0,0.0,0.0,0.0
37200,0.5458375000000001,0.0146561076801903,0.528906,0.564117,0.0,0.0,0.0,0.0
37300,0.551913,0.01700922716253346,0.536618,0.571359,0.0,0.0,0.0,0.0
37400,0.5689382500000001,0.019164125658375324,0.546987,0.587622,0.0,0.0,0.0,0.0
37500,0.54914025,0.012253742431736263,0.533423,0.562543,0.0,0.0,0.0,0.0
37600,0.54895525,0.012123501319750853,0.531222,0.558463,0.0,0.0,0.0,0.0
37700,0.5656785,0.004897413296833317,0.559127,0.570731,0.0,0.0,0.0,0.0
37800,0.5539105,0.012028755699018387,0.54462,0.570868,0.0,0.0,0.0,0.0
37900,0.555053,0.01212030090385546,0.542139,0.571422,0.0,0.0,0.0,0.0
38000,0.5648960000000001,0.018110748116335017,0.541182,0.580596,0.0,0.0,0.0,0.0
38100,0.54722775,0.02091422106884849,0.523475,0.566562,0.7975,1.5950000000000002,0.0,3.19
38200,0.55263325,0.015224837215878514,0.532857,0.566031,0.735,1.47,0.0,2.94
38300,0.5710339999999999,0.026916953653784794,0.535718,0.598833,0.8325,1.665,0.0,3.33
38400,0.5463905,0.02105725041404978,0.517785,0.568269,0.6825,1.365,0.0,2.73
38500,0.55508925,0.014789306370370014,0.537357,0.573261,0.6925,1.385,0.0,2.77
38600,0.5611677500000001,0.010215185603632757,0.547039,0.570144,0.8075,1.615,0.0,3.23
38700,0.5481537500000001,0.01235134695421247,0.537097,0.56205,0.6975,1.395,0.0,2.79
38800,0.55294825,0.016564306532923914,0.541444,0.577202,0.735,1.47,0.0,2.94
38900,0.5630510000000001,0.009943718720881027,0.554919,0.576207,0.8175,1.635,0.0,3.27
39000,0.5492475,0.012811106652692682,0.534455,0.563554,0.7175,1.435,0.0,2.87
39100,0.545659,0.01958778440763529,0.529235,0.570176,0.7625,1.5249999999999997,0.0,3.05
39200,0.5592715,0.018024442173522802,0.538149,0.580729,0.8175,1.635,0.0,3.27
39300,0.54186625,0.013322958089328367,0.527462,0.55453,0.7075,1.4149999999999998,0.0,2.83
39400,0.553928,0.021116901714029936,0.534528,0.579075,0.775,1.55,0.0,3.1
39500,0.560017,0.02341678783835791,0.536608,0.581115,0.79,1.58,0.0,3.16
39600,0.5449984999999999,0.026969089571828926,0.512692,0.576603,0.67,1.34,0.0,2.68
39700,0.5530205,0.019938349622440336,0.523679,0.567594,0.75,1.5,0.0,3.0
39800,0.55488,0.01286932487221716,0.53679,0.567212,0.7975,1.5950000000000002,0.0,3.19
39900,0.54072575,0.01339412986784384,0.523862,0.553976,0.7275,1.455,0.0,2.91
40000,0.5468189999999999,0.013088873213535208,0.530777,0.562164,0.7625,1.5249999999999997,0.0,3.05
40100,0.56226125,0.013963905503714442,0.54852,0.578369,0.85,1.7,0.0,3.4
40200,0.5447515,0.023527749609060945,0.521218,0.570392,0.79,1.58,0.0,3.16
40300,0.5482515,0.01097918189119755,0.538403,0.559247,0.76,1.5200000000000002,0.0,3.04
40400,0.56108,0.017929927514261326,0.541556,0.576954,0.8275,1.655,0.0,3.31
40500,0.545473,0.020435112315163182,0.520523,0.569874,0.695,1.39,0.0,2.78
40600,0.5592242500000001,0.016572382897962104,0.548401,0.58374,0.7475,1.495,0.0,2.99
40700,0.5650470000000001,0.017609993961763146,0.547931,0.588025,0.8775,1.755,0.0,3.51
40800,0.5378192500000001,0.010152158140842122,0.527455,0.551791,0.68,1.3599999999999999,0.0,2.72
40900,0.544852,0.010318888925977793,0.536729,0.559876,0.7425,1.485,0.0,2.97
41000,0.5604105,0.023454429865876817,0.52804,0.581956,0.82,1.64,0.0,3.28
41100,0.55182325,0.023872567748708277,0.522344,0.580813,0.75,1.5,0.0,3.0
41200,0.5549135000000001,0.01798317966879054,0.537588,0.571698,0.7675,1.5349999999999997,0.0,3.07
41300,0.5599575,0.019507736456766782,0.543673,0.582756,0.84,1.68,0.0,3.36
41400,0.5452374999999999,0.010672037371873569,0.533124,0.554461,0.7625,1.5249999999999997,0.0,3.05
41500,0.5579995,0.019481574243371626,0.53187,0.573093,0.71,1.42,0.0,2.84
41600,0.56796,0.018766630118377686,0.540967,0.58438,0.8375,1.675,0.0,3.35
41700,0.55350675,0.012731429178087884,0.542383,0.57147,0.77,1.54,0.0,3.08
41800,0.5581715,0.0154893371818594,0.546228,0.580942,0.83,1.66,0.0,3.32
41900,0.56817775,0.016945760204743428,0.553536,0.589229,0.935,1.8700000000000003,0.0,3.74
42000,0.5458292499999999,0.025232773270424846,0.518304,0.579325,0.75,1.5,0.0,3.0
42100,0.5537065,0.026452620960250164,0.518124,0.581624,0.77,1.54,0.0,3.08
42200,0.55831625,0.015380102825295663,0.537894,0.570586,0.8275,1.655,0.0,3.31
42300,0.54945325,0.014384676716909567,0.534127,0.564509,0.7375,1.475,0.0,2.95
42400,0.5523994999999999,0.019433869137839392,0.526853,0.570937,0.7725,1.545,0.0,3.09
42500,0.569354,0.026598427234205687,0.53797,0.600114,0.8975,1.7950000000000002,0.0,3.59
42600,0.554376,0.029950885162211796,0.522085,0.583828,0.87,1.74,0.0,3.48
42700,0.55343925,0.022754974421358237,0.52045,0.572694,0.91,1.8199999999999996,0.0,3.64
42800,0.5676932499999999,0.02953559778047501,0.535839,0.597351,0.9425,1.885,0.0,3.77
42900,0.54581925,0.026731686121841743,0.508857,0.567716,0.7625,1.5249999999999997,0.0,3.05
43000,0.55049425,0.0180909415154841,0.529177,0.57082,0.81,1.62,0.0,3.24
43100,0.5537155,0.02160289293127195,0.525381,0.571483,0.82,1.64,0.0,3.28
43200,0.54635725,0.0218864721441503,0.515189,0.562413,0.7775,1.555,0.0,3.11
43300,0.549805,0.018940802288533943,0.533114,0.573915,0.865,1.7299999999999998,0.0,3.46
43400,0.55194875,0.018860084082085442,0.531456,0.574225,0.935,1.8700000000000003,0.0,3.74
43500,0.54657225,0.025843138049586763,0.529284,0.58432,0.7675,1.5349999999999997,0.0,3.07
43600,0.546307,0.02980295306397229,0.513215,0.58142,0.7875,1.5749999999999997,0.0,3.15
43700,0.56019525,0.021835969719326248,0.532856,0.580765,0.85,1.7,0.0,3.4
43800,0.5534545,0.019494287205914132,0.535076,0.574146,0.79,1.58,0.0,3.16
43900,0.55266175,0.01851711182258182,0.537662,0.576823,0.8175,1.635,0.0,3.27
44000,0.5541100000000001,0.019861306452497042,0.531114,0.573339,0.7875,1.5749999999999997,0.0,3.15
44100,0.54160925,0.02300526040387283,0.519996,0.564234,0.68,1.3599999999999999,0.0,2.72
44200,0.5503042499999999,0.0200643521595723,0.527695,0.575405,0.775,1.55,0.0,3.1
44300,0.56001575,0.025649867346960457,0.524724,0.580141,0.89,1.7799999999999998,0.0,3.56
44400,0.5501327500000001,0.019488824770023123,0.526873,0.566397,0.8,1.6000000000000003,0.0,3.2
44500,0.548516,0.01698344548867121,0.52327,0.56004,0.8175,1.635,0.0,3.27
44600,0.56268975,0.025104268499931772,0.528605,0.582006,0.85,1.7,0.0,3.4
44700,0.5463495,0.025037595178717443,0.508991,0.562432,0.76,1.5200000000000002,0.0,3.04
44800,0.5491225,0.018348842515719263,0.522741,0.564308,0.7525,1.5050000000000001,0.0,3.01
44900,0.55715125,0.013933601649131037,0.541257,0.574447,0.785,1.57,0.0,3.14
45000,0.545268,0.025107316237835277,0.519354,0.575179,0.7,1.4,0.0,2.8
45100,0.54610575,0.01636808910400561,0.533044,0.567677,0.7275,1.455,0.0,2.91
45200,0.55552375,0.018840139319637038,0.533922,0.577334,0.8725,1.745,0.0,3.49
45300,0.54482575,0.023938547246021447,0.521722,0.5721,0.7325,1.4650000000000003,0.0,2.93
45400,0.5430959999999999,0.02141767131755147,0.522898,0.568148,0.6825,1.365,0.0,2.73
45500,0.5626605,0.02369276825672058,0.533178,0.584666,0.855,1.7100000000000002,0.0,3.42
45600,0.5487164999999999,0.02019335980795006,0.525706,0.568348,0.7175,1.435,0.0,2.87
45700,0.56276725,0.026277363330123746,0.533217,0.592332,0.8125,1.625,0.0,3.25
45800,0.5672572499999999,0.03552583738046627,0.514315,0.589985,0.87,1.74,0.0,3.48
45900,0.546622,0.021748557883225307,0.514095,0.559698,0.735,1.47,0.0,2.94
46000,0.5542162500000001,0.021027107367633822,0.52303,0.568944,0.7975,1.5950000000000002,0.0,3.19
46100,0.5625800000000001,0.01984232662769162,0.545273,0.586438,0.865,1.7299999999999998,0.0,3.46
46200,0.54793925,0.01962178013288633,0.529618,0.568873,0.7725,1.545,0.0,3.09
46300,0.5449865,0.021257495595671687,0.51813,0.562559,0.7925,1.5850000000000002,0.0,3.17
46400,0.5526139999999999,0.01584105665667537,0.543181,0.576301,0.7775,1.555,0.0,3.11
46500,0.5384055,0.013661637615356877,0.522257,0.555551,0.67,1.34,0.0,2.68
46600,0.5537872500000001,0.007672171807904207,0.547671,0.56425,0.7675,1.5349999999999997,0.0,3.07
46700,0.556446,0.021967244357603586,0.523761,0.569362,0.845,1.69,0.0,3.38
46800,0.5480970000000001,0.01694740092167527,0.525679,0.565827,0.72,1.44,0.0,2.88
46900,0.54444275,0.024769361092217657,0.510107,0.565942,0.7475,1.495,0.0,2.99
47000,0.5617855,0.01906690057840199,0.536074,0.578316,0.81,1.62,0.0,3.24
47100,0.55148675,0.01472191417298261,0.532958,0.565457,0.755,1.5100000000000002,0.0,3.02
47200,0.56067425,0.023640096113383295,0.538586,0.591971,0.7675,1.5349999999999997,0.0,3.07
47300,0.5610485,0.02522235776052667,0.535949,0.590537,0.905,1.8099999999999998,0.0,3.62
47400,0.5422724999999999,0.02347125485212358,0.511558,0.566857,0.7225,1.445,0.0,2.89
47500,0.5490495,0.019831323783348415,0.521184,0.568153,0.785,1.57,0.0,3.14
47600,0.552783,0.02584910069357665,0.51934,0.576672,0.8275,1.655,0.0,3.31
47700,0.5385055,0.0268912370671191,0.503398,0.560876,0.725,1.45,0.0,2.9
47800,0.55174375,0.032479823741054965,0.506615,0.582664,0.84,1.68,0.0,3.36
47900,0.56275275,0.028926610901555693,0.525223,0.594654,0.85,1.7,0.0,3.4
48000,0.5490324999999999,0.018790654742894597,0.532561,0.568006,0.7775,1.555,0.0,3.11
48100,0.54618175,0.02530005523544695,0.524572,0.57669,0.8075,1.615,0.0,3.23
48200,0.55349675,0.029023224635625903,0.517697,0.588227,0.8175,1.635,0.0,3.27
48300,0.54439175,0.015241101105781935,0.525434,0.562736,0.7225,1.445,0.0,2.89
48400,0.55061775,0.007839554084895409,0.540804,0.559341,0.74,1.48,0.0,2.96
48500,0.558474,0.01302385705797887,0.539409,0.568514,0.8475,1.6949999999999998,0.0,3.39
48600,0.5470625,0.013497172778030203,0.531625,0.563947,0.7425,1.485,0.0,2.97
48700,0.55208775,0.010094872605271785,0.537918,0.560207,0.7525,1.5050000000000001,0.0,3.01
48800,0.5442965,0.021206658647698363,0.513347,0.560584,0.7975,1.5950000000000002,0.0,3.19
48900,0.53140375,0.027250636828950136,0.491523,0.553145,0.7625,1.5249999999999997,0.0,3.05
49000,0.5456412500000001,0.030163469145916638,0.503079,0.571631,0.8175,1.635,0.0,3.27
49100,0.5543665,0.017264791387869904,0.535765,0.574408,0.905,1.8099999999999998,0.0,3.62
49200,0.541071,0.016955925768493675,0.517137,0.555497,0.7725,1.545,0.0,3.09
49300,0.5454725,0.0220333379601609,0.514589,0.566642,0.775,1.55,0.0,3.1
49400,0.55506525,0.025261352568366823,0.522949,0.583889,0.84,1.68,0.0,3.36
49500,0.54294175,0.016875481570906365,0.523343,0.56357,0.73,1.46,0.0,2.92
49600,0.55463975,0.00891485099426792,0.542428,0.56273,0.7625,1.5249999999999997,0.0,3.05
49700,0.55379,0.017203059669721563,0.528292,0.565328,0.82,1.64,0.0,3.28
49800,0.5484994999999999,0.018264387068828773,0.527763,0.57195,0.81,1.62,0.0,3.24
49900,0.5498270000000001,0.014205152844419953,0.531522,0.565966,0.7575,1.515,0.0,3.03
50000,0.543091,0.013455363688878879,0.524454,0.556338,0.8125,1.625,0.0,3.25
50100,0.53790775,0.01657932896460729,0.517177,0.555534,0.7675,1.5349999999999997,0.0,3.07
50200,0.5521592499999999,0.017565582149476275,0.529447,0.569525,0.7925,1.5850000000000002,0.0,3.17
50300,0.5635729999999999,0.02835782422307228,0.526263,0.595127,0.79,1.58,0.0,3.16
50400,0.54501025,0.022342252712069997,0.516982,0.567968,0.7175,1.435,0.0,2.87
50500,0.55411125,0.01972370378292743,0.525039,0.566608,0.7525,1.5050000000000001,0.0,3.01
50600,0.565375,0.030188254415693994,0.531841,0.603369,0.89,1.7799999999999998,0.0,3.56
50700,0.5511225,0.027160472289708044,0.525483,0.578604,0.775,1.55,0.0,3.1
50800,0.551454,0.024775448909488337,0.52839,0.576979,0.7725,1.545,0.0,3.09
50900,0.560412,0.012123958621946335,0.5495,0.572869,0.845,1.69,0.0,3.38
51000,0.5459607500000001,0.023095887763481454,0.524499,0.567762,0.7475,1.495,0.0,2.99
51100,0.5560382500000001,0.014401721850181654,0.542054,0.574484,0.8375,1.675,0.0,3.35
51200,0.5599465,0.02812225615060069,0.526742,0.587594,0.9475,1.8950000000000002,0.0,3.79
51300,0.5422495,0.01682213069144336,0.521065,0.559857,0.75,1.5,0.0,3.0
51400,0.55129925,0.01574611349666955,0.533985,0.570684,0.7675,1.5349999999999997,0.0,3.07
51500,0.5655429999999999,0.015261936072027936,0.551121,0.583454,0.865,1.7299999999999998,0.0,3.46
51600,0.5533137499999999,0.015145614643079567,0.531413,0.565596,0.7275,1.455,0.0,2.91
51700,0.5569155,0.028311645018731565,0.516732,0.58203,0.77,1.54,0.0,3.08
51800,0.567413,0.03457322906527535,0.524731,0.608891,0.8275,1.655,0.0,3.31
51900,0.5446534999999999,0.020197880326080424,0.520879,0.567194,0.7475,1.495,0.0,2.99
52000,0.549528,0.02231789531594172,0.517579,0.567137,0.8175,1.635,0.0,3.27
52100,0.5590735,0.013132131497463253,0.539644,0.568469,0.8575,1.715,0.0,3.43
52200,0.55097575,0.017867508003356264,0.528099,0.565495,0.7625,1.5249999999999997,0.0,3.05
52300,0.5506532500000001,0.019609236503494994,0.528623,0.571816,0.8075,1.615,0.0,3.23
52400,0.5675215,0.026095290283880704,0.529028,0.584426,0.935,1.8700000000000003,0.0,3.74
52500,0.54968325,0.018316193206650032,0.523297,0.563537,0.7175,1.435,0.0,2.87
52600,0.55858525,0.011775715360435634,0.545185,0.570697,0.7275,1.455,0.0,2.91
52700,0.5558657499999999,0.019014393081295,0.532374,0.575773,1.8675000000000002,2.170735282494544,0.0,4.04
52800,0.5458685,0.019936643523923468,0.528725,0.568788,1.6600000000000001,1.9193054299233703,0.0,3.44
52900,0.54769075,0.02407116230921696,0.525589,0.574747,1.5625,1.8045936754109866,0.0,3.17
53000,0.55209625,0.017614365905419354,0.536431,0.573689,1.415,1.7057647356342356,0.0,3.43
53100,0.5403642500000001,0.023223311411524984,0.513081,0.559772,0.74,1.48,0.0,2.96
53200,0.54928975,0.022420077109219165,0.527382,0.572843,0.75,1.5,0.0,3.0
53300,0.556047,0.026852786745513033,0.523196,0.578154,0.8625,1.7250000000000003,0.0,3.45
53400,0.5419609999999999,0.01783490205561367,0.522942,0.557263,0.7175,1.435,0.0,2.87
53500,0.56019775,0.013862173239310856,0.543278,0.575623,0.7625,1.5249999999999997,0.0,3.05
53600,0.56499625,0.021239388116971094,0.539223,0.583179,0.8375,1.675,0.0,3.35
53700,0.548029,0.015480404839667498,0.526395,0.56167,0.7525,1.5050000000000001,0.0,3.01
53800,0.5544319999999999,0.016512593779698378,0.530311,0.567643,0.7575,1.515,0.0,3.03
53900,0.5579955000000001,0.022378911509126916,0.527668,0.579979,0.8575,1.715,0.0,3.43
54000,0.54475275,0.02979509652470797,0.50699,0.579634,0.775,1.55,0.0,3.1
54100,0.56063775,0.025362879205313684,0.530462,0.591796,0.8075,1.615,0.0,3.23
54200,0.5687805,0.02383156351703906,0.548309,0.603157,0.8775,1.755,0.0,3.51
54300,0.54976325,0.02354041689484986,0.526182,0.58204,0.7375,1.475,0.0,2.95
54400,0.564137,0.012581893630663565,0.549498,0.579807,0.8275,1.655,0.0,3.31
54500,0.5627154999999999,0.017492137767198934,0.537283,0.577021,0.83,1.66,0.0,3.32
54600,0.55298675,0.017423864408238118,0.529318,0.568121,0.7475,1.495,0.0,2.99
54700,0.557964,0.013443563143750229,0.540093,0.570412,0.785,1.57,0.0,3.14
54800,0.56556675,0.014712510014156868,0.550199,0.58122,0.9125,1.825,0.0,3.65
54900,0.54580375,0.018608040329832334,0.522853,0.568106,0.73,1.46,0.0,2.92
55000,0.55687725,0.019041365643864216,0.538433,0.580765,0.91,1.8199999999999996,0.0,3.64
55100,0.5638125,0.017594270023694295,0.545493,0.583563,0.9525,1.905,0.0,3.81
55200,0.5429947500000001,0.020506914205945262,0.517132,0.562357,0.775,1.55,0.0,3.1
55300,0.55777375,0.021938801507450978,0.531179,0.581379,0.78,1.5599999999999998,0.0,3.12
55400,0.56363525,0.01574398844797592,0.543498,0.577461,0.82,1.64,0.0,3.28
55500,0.5533397499999999,0.02228976632709878,0.52999,0.574128,0.71,1.42,0.0,2.84
55600,0.5582975,0.025520413038716,0.525536,0.583637,0.775,1.55,0.0,3.1
55700,0.56055975,0.013154681736299531,0.54478,0.575915,0.79,1.58,0.0,3.16
55800,0.54343975,0.017239632717955467,0.529878,0.566895,0.77,1.54,0.0,3.08
55900,0.5483525,0.02842605679653792,0.522104,0.585556,0.79,1.58,0.0,3.16
56000,0.5594790000000001,0.024214951923691053,0.538858,0.59208,0.7925,1.5850000000000002,0.0,3.17
56100,0.554181,0.012669067605786935,0.54007,0.565015,0.735,1.47,0.0,2.94
56200,0.55547775,0.018414576913865468,0.534936,0.572973,0.755,1.5100000000000002,0.0,3.02
56300,0.56437225,0.02114157457672757,0.532701,0.576113,0.7875,1.5749999999999997,0.0,3.15
56400,0.54692825,0.023017505778211506,0.512682,0.562155,0.7175,1.435,0.0,2.87
56500,0.5572305,0.02118462254403731,0.53557,0.580319,0.78,1.5599999999999998,0.0,3.12
56600,0.569346,0.018868556153912107,0.54385,0.585962,0.77,1.54,0.0,3.08
56700,0.550311,0.014286319190050323,0.532006,0.561978,0.695,1.39,0.0,2.78
56800,0.5505315,0.01805891034918775,0.526017,0.567588,0.77,1.54,0.0,3.08
56900,0.56868075,0.01709522573459227,0.550818,0.591321,0.8025,1.605,0.0,3.21
57000,0.5475595,0.016753116894078764,0.522592,0.558253,0.7,1.4,0.0,2.8
57100,0.55178275,0.010586594113153965,0.541633,0.563896,0.7425,1.485,0.0,2.97
57200,0.56643025,0.020714843251076396,0.538147,0.587668,0.83,1.66,0.0,3.32
57300,0.5445497499999999,0.022423204132847128,0.518031,0.570905,0.7375,1.475,0.0,2.95
57400,0.548556,0.027714359250516102,0.507651,0.567963,0.76,1.5200000000000002,0.0,3.04
57500,0.56009525,0.02922807944853714,0.516669,0.58001,0.8375,1.675,0.0,3.35
57600,0.5433142499999999,0.024782581280340176,0.512546,0.569301,0.7425,1.485,0.0,2.97
57700,0.5475575,0.020170068261328885,0.517923,0.562976,0.76,1.5200000000000002,0.0,3.04
57800,0.5451822500000001,0.028999790072516064,0.510419,0.57292,0.8725,1.745,0.0,3.49
57900,0.52739425,0.026334454407043743,0.493555,0.555873,0.75,1.5,0.0,3.0
58000,0.551686,0.029870373226102625,0.511612,0.581138,0.7925,1.5850000000000002,0.0,3.17
58100,0.56096825,0.03343987918015452,0.511731,0.582193,0.8925,1.785,0.0,3.57
58200,0.54657575,0.02689350963057814,0.508897,0.566936,0.79,1.58,0.0,3.16
58300,0.5461645,0.029703947128285845,0.51354,0.571381,0.7725,1.545,0.0,3.09
58400,0.54895375,0.021178446895763342,0.529129,0.577141,0.8775,1.755,0.0,3.51
58500,0.5412135,0.015002165299271538,0.523663,0.555435,0.785,1.57,0.0,3.14
58600,0.547863,0.02705823190823822,0.518207,0.579638,0.85,1.7,0.0,3.4
58700,0.55259825,0.02617814045312106,0.52167,0.578542,0.8,1.6000000000000003,0.0,3.2
58800,0.54187675,0.02216621214634262,0.521944,0.564902,0.705,1.41,0.0,2.82
58900,0.54629825,0.0168874048011134,0.525677,0.560515,0.7125,1.425,0.0,2.85
59000,0.56081275,0.0183665740114118,0.537837,0.576644,0.7875,1.5749999999999997,0.0,3.15
59100,0.5415997499999999,0.014669988124853206,0.524651,0.557915,0.7275,1.455,0.0,2.91
59200,0.54278875,0.017737335225920137,0.520778,0.563898,0.755,1.5100000000000002,0.0,3.02
59300,0.558402,0.015634489523699394,0.544845,0.580865,0.8175,1.635,0.0,3.27
59400,0.5471185000000001,0.015472344931091286,0.527263,0.562125,0.7725,1.545,0.0,3.09
59500,0.5528,0.01992966403797782,0.537141,0.580961,0.81,1.62,0.0,3.24
59600,0.56056025,0.014510747657627212,0.547626,0.579604,0.8575,1.715,0.0,3.43
59700,0.5453892499999999,0.010942318808948429,0.529998,0.555626,0.7075,1.4149999999999998,0.0,2.83
59800,0.55248025,0.010000104311955959,0.538311,0.561735,0.735,1.47,0.0,2.94
59900,0.5638475,0.013635787240444426,0.544426,0.573561,0.85,1.7,0.0,3.4
60000,0.54573075,0.016959682885694945,0.525002,0.566512,0.7575,1.515,0.0,3.03
60100,0.548787,0.01575095514564116,0.525892,0.561274,0.77,1.54,0.0,3.08
60200,0.55938825,0.0146599195399111,0.541797,0.573384,0.82,1.64,0.0,3.28
60300,0.5557624999999999,0.021529896136922418,0.526898,0.579028,0.7975,1.5950000000000002,0.0,3.19
60400,0.5596859999999999,0.014623147882723482,0.544212,0.579501,0.8125,1.625,0.0,3.25
60500,0.5616022500000001,0.018539001256360387,0.534865,0.574529,0.87,1.74,0.0,3.48
60600,0.5479925,0.020159938318358005,0.517858,0.560284,0.77,1.54,0.0,3.08
60700,0.5483752500000001,0.01624214664332682,0.53519,0.568693,0.8275,1.655,0.0,3.31
60800,0.5734485,0.0009871756007249282,0.572682,0.574838,0.845,1.69,0.0,3.38
60900,0.5527,0.00513775560596905,0.54556,0.557778,0.7675,1.5349999999999997,0.0,3.07
61000,0.5555030000000001,0.009809599142336735,0.542152,0.564465,0.7125,1.425,0.0,2.85
61100,0.57125325,0.009598380744514523,0.562078,0.581976,0.84,1.68,0.0,3.36
61200,0.5563087499999999,0.018506091976697833,0.540701,0.577356,0.7975,1.5950000000000002,0.0,3.19
61300,0.553802,0.018890638598699286,0.5285,0.574176,0.7875,1.5749999999999997,0.0,3.15
61400,0.5629995,0.016370356674998435,0.539494,0.57624,0.8575,1.715,0.0,3.43
61500,0.5518915,0.01850827120505858,0.52887,0.570168,0.7225,1.445,0.0,2.89
61600,0.56259225,0.015840968580971705,0.541204,0.578132,0.7875,1.5749999999999997,0.0,3.15
61700,0.5712965,0.02188141023029976,0.546756,0.591833,0.8125,1.625,0.0,3.25
61800,0.55242575,0.011163931606592086,0.538645,0.561819,0.695,1.39,0.0,2.78
61900,0.55405125,0.008876312348980652,0.544663,0.566028,0.75,1.5,0.0,3.0
62000,0.562703,0.014325123268812233,0.541637,0.57185,0.8625,1.7250000000000003,0.0,3.45
62100,0.5414917499999999,0.0065849181910888925,0.535117,0.548851,0.74,1.48,0.0,2.96
62200,0.555979,0.00701522986080999,0.550905,0.566226,0.81,1.62,0.0,3.24
62300,0.5600685000000001,0.01679059388467246,0.537478,0.576493,0.85,1.7,0.0,3.4
62400,0.5439849999999999,0.01994232918526152,0.519083,0.567317,0.755,1.5100000000000002,0.0,3.02
62500,0.5536795000000001,0.016903785936884068,0.529012,0.566632,0.8325,1.665,0.0,3.33
62600,0.5590205,0.024679037481230893,0.522201,0.573878,0.8375,1.675,0.0,3.35
62700,0.5449005,0.016108301886501485,0.523983,0.560996,0.68,1.3599999999999999,0.0,2.72
62800,0.550735,0.025113275440159805,0.517037,0.572546,0.735,1.47,0.0,2.94
62900,0.55555825,0.029124024222566953,0.528832,0.588276,0.83,1.66,0.0,3.32
63000,0.53050275,0.026801558255382617,0.50713,0.563324,0.74,1.48,0.0,2.96
63100,0.54335525,0.02324697668335963,0.518841,0.574618,0.78,1.5599999999999998,0.0,3.12
63200,0.55296325,0.017527505667283845,0.530809,0.568921,0.7925,1.5850000000000002,0.0,3.17
63300,0.54212225,0.01612709982968624,0.520784,0.558939,0.75,1.5,0.0,3.0
63400,0.5571985,0.019091210412124204,0.536474,0.576533,0.7775,1.555,0.0,3.11
63500,0.5603927499999999,0.019652596543883624,0.538674,0.579583,0.8225,1.645,0.0,3.29
63600,0.54966025,0.0185214976423794,0.5299,0.56736,0.7025,1.405,0.0,2.81
63700,0.56068325,0.02542096329639508,0.534865,0.590133,0.775,1.55,0.0,3.1
63800,0.561033,0.02243750201485597,0.538405,0.590436,0.8375,1.675,0.0,3.35
63900,0.536906,0.018553132403990424,0.517186,0.56194,0.725,1.45,0.0,2.9
64000,0.54744625,0.01549173860212815,0.527025,0.560779,0.78,1.5599999999999998,0.0,3.12
64100,0.5648945,0.01982539940749407,0.541921,0.588714,0.82,1.64,0.0,3.28
64200,0.552793,0.019053313220189997,0.531061,0.577041,0.725,1.45,0.0,2.9
64300,0.5548335,0.018478216319042666,0.529924,0.573532,0.82,1.64,0.0,3.28
64400,0.56176675,0.01896628069979281,0.537342,0.583247,0.83,1.66,0.0,3.32
64500,0.5499390000000001,0.011181341511643425,0.534041,0.56027,0.7275,1.455,0.0,2.91
64600,0.55312025,0.015639229059750178,0.534457,0.566574,0.7725,1.545,0.0,3.09
64700,0.5684477499999999,0.016090928445866633,0.547454,0.584383,0.8175,1.635,0.0,3.27
64800,0.555984,0.015426641997963583,0.537017,0.570535,0.8,1.6000000000000003,0.0,3.2
64900,0.5534972499999999,0.015581985076256083,0.534713,0.57135,0.82,1.64,0.0,3.28
65000,0.564103,0.0076743921366233545,0.553228,0.570586,0.845,1.69,0.0,3.38
65100,0.55208575,0.014513997780878068,0.532901,0.567842,0.76,1.5200000000000002,0.0,3.04
65200,0.5555957499999999,0.008444772914847014,0.544206,0.564188,0.7625,1.5249999999999997,0.0,3.05
65300,0.56585275,0.007357846033317073,0.559296,0.575587,0.84,1.68,0.0,3.36
65400,0.5481484999999999,0.012873570613211134,0.529365,0.55819,0.7675,1.5349999999999997,0.0,3.07
65500,0.549114,0.022995128831993956,0.52423,0.577498,0.73,1.46,0.0,2.92
65600,0.5587479999999999,0.024262130258216535,0.530962,0.589164,0.8475,1.6949999999999998,0.0,3.39
65700,0.5386807499999999,0.019810830242992523,0.519817,0.564836,0.7175,1.435,0.0,2.87
65800,0.55664825,0.025236672817878877,0.529334,0.585139,0.785,1.57,0.0,3.14
65900,0.564499,0.029778254538057353,0.529253,0.599042,0.82,1.64,0.0,3.28
66000,0.5472625,0.02043952224653666,0.528869,0.574756,0.7275,1.455,0.0,2.91
66100,0.5580642499999999,0.02470574338590118,0.53753,0.587266,0.8,1.6000000000000003,0.0,3.2
66200,0.567267,0.020297929910871836,0.545254,0.592872,0.8375,1.675,0.0,3.35
66300,0.5522090000000001,0.027130071396883584,0.518544,0.577755,0.75,1.5,0.0,3.0
66400,0.554748,0.018089595038769262,0.52824,0.568901,0.7675,1.5349999999999997,0.0,3.07
66500,0.5653615000000001,0.0247932479047556,0.537115,0.589308,0.8375,1.675,0.0,3.35
66600,0.55041925,0.02627289192780269,0.521294,0.58072,0.6975,1.395,0.0,2.79
66700,0.55593675,0.023633551085621225,0.521577,0.574948,0.8225,1.645,0.0,3.29
66800,0.55645125,0.023202630158023037,0.523444,0.572658,0.855,1.7100000000000002,0.0,3.42
66900,0.54558,0.027406290895826572,0.50804,0.569814,0.7975,1.5950000000000002,0.0,3.19
67000,0.55744425,0.02663496719696372,0.532822,0.589361,0.755,1.5100000000000002,0.0,3.02
67100,0.5636877499999999,0.02187922005579725,0.538585,0.589885,0.85,1.7,0.0,3.4
67200,0.544019,0.017770255691276198,0.52347,0.563104,0.73,1.46,0.0,2.92
67300,0.54199825,0.015189643870633238,0.523723,0.556137,0.735,1.47,0.0,2.94
67400,0.54858975,0.020181063341244743,0.521746,0.56918,0.8125,1.625,0.0,3.25
67500,0.53410625,0.01603843307755887,0.512685,0.549652,0.6825,1.365,0.0,2.73
67600,0.5454505,0.0151968827614964,0.524104,0.560079,0.7575,1.515,0.0,3.03
67700,0.5580715,0.014942782817578975,0.537432,0.569736,0.9,1.8000000000000003,0.0,3.6
67800,0.54281175,0.010879910734162007,0.527704,0.55255,0.72,1.44,0.0,2.88
67900,0.54926925,0.018234060845480002,0.522913,0.564915,0.8,1.6000000000000003,0.0,3.2
68000,0.55544425,0.026644361584582946,0.526056,0.583428,0.885,1.7700000000000002,0.0,3.54
68100,0.5481135,0.025889730119618207,0.512947,0.572412,0.7675,1.5349999999999997,0.0,3.07
68200,0.5561287500000001,0.025587266265012888,0.525487,0.579099,0.7525,1.5050000000000001,0.0,3.01
68300,0.561271,0.017905350690040518,0.535164,0.575663,0.7925,1.5850000000000002,0.0,3.17
68400,0.544244,0.021156890335459658,0.520225,0.564539,0.6975,1.395,0.0,2.79
68500,0.5435135,0.01806757132728878,0.520817,0.559814,1.7425,2.0460755118030223,0.0,3.94
68600,0.55669225,0.024453637689513575,0.524352,0.58278,2.025,2.4130409583483385,0.0,4.78
68700,0.543497,0.025085121699259638,0.510281,0.566403,1.6875,1.9867792194067933,0.0,3.85
68800,0.54655125,0.01734883668290181,0.521042,0.559526,1.8375,2.1526475946300794,0.0,4.12
68900,0.560265,0.014449347320900025,0.539476,0.571567,1.9725000000000001,2.30907448992015,0.0,4.41
69000,0.54391075,0.012796529018318509,0.527326,0.554409,1.7175,2.0092515190156424,0.0,3.83
69100,0.55379275,0.011512675720700215,0.540717,0.568014,1.87,2.1814673960433146,0.0,4.12
69200,0.5509295,0.013616244966950316,0.532219,0.561136,1.85,2.147541229716751,0.0,3.97
69300,0.5474377500000001,0.0124819948292197,0.531392,0.561876,1.585,1.8523768515072736,0.0,3.52
69400,0.5557995,0.0164671398548746,0.541295,0.574193,1.54,1.7782575741438584,0.0,3.09
69500,0.563858,0.023995782657236495,0.536139,0.592729,1.365,1.6202983264407413,0.0,3.19
69600,0.5487485,0.02072215131206217,0.524568,0.568049,0.7175,1.435,0.0,2.87
69700,0.5526005,0.010480168207937601,0.542814,0.566305,0.7525,1.5050000000000001,0.0,3.01
69800,0.55836525,0.025546129379027258,0.528885,0.588018,0.8975,1.7950000000000002,0.0,3.59
69900,0.5467155,0.021846673286032993,0.525288,0.574192,0.71,1.42,0.0,2.84
70000,0.55518225,0.02030526636737375,0.529184,0.578799,0.775,1.55,0.0,3.1
70100,0.55656225,0.01780564446788341,0.537608,0.573813,0.925,1.8500000000000003,0.0,3.7
70200,0.5421739999999999,0.021609161914953233,0.521835,0.564089,0.7625,1.5249999999999997,0.0,3.05
70300,0.5536435,0.01928594376741778,0.533579,0.571312,0.8775,1.755,0.0,3.51
70400,0.5605779999999999,0.015542676346112344,0.540063,0.577371,0.8975,1.7950000000000002,0.0,3.59
70500,0.5495635,0.01889040681580648,0.530146,0.571683,0.8225,1.645,0.0,3.29
70600,0.549928,0.016362991841347353,0.528381,0.56281,0.8225,1.645,0.0,3.29
70700,0.5537425,0.0199355495953,0.528418,0.569805,0.8475,1.6949999999999998,0.0,3.39
70800,0.5430502500000001,0.01643685935887187,0.521426,0.558766,0.72,1.44,0.0,2.88
70900,0.55465125,0.011150899526495568,0.542896,0.566035,0.8125,1.625,0.0,3.25
71000,0.5625575,0.014687209072296006,0.543202,0.576648,0.885,1.7700000000000002,0.0,3.54
71100,0.5479435,0.023027920060946283,0.514677,0.567335,0.7475,1.495,0.0,2.99
71200,0.5544495,0.02236284791791955,0.523294,0.573757,0.7975,1.5950000000000002,0.0,3.19
71300,0.567242,0.025479985648870884,0.535464,0.592145,0.865,1.7299999999999998,0.0,3.46
71400,0.5506765,0.019125669879335824,0.522038,0.561585,0.7975,1.5950000000000002,0.0,3.19
71500,0.55533025,0.015205779786537305,0.53278,0.565442,0.79,1.58,0.0,3.16
71600,0.5626935000000001,0.016634071089183213,0.538423,0.575953,0.8375,1.675,0.0,3.35
71700,0.5546905,0.021922205386320084,0.525287,0.576053,0.75,1.5,0.0,3.0
71800,0.5539415,0.019843389738986986,0.529675,0.576354,0.7475,1.495,0.0,2.99
71900,0.56652025,0.015997640979740282,0.550003,0.588073,0.8925,1.785,0.0,3.57
72000,0.55190625,0.024661854085138622,0.522006,0.577652,0.78,1.5599999999999998,0.0,3.12
72100,0.5579865,0.015866753784774847,0.53859,0.57396,0.83,1.66,0.0,3.32
72200,0.55701,0.029059513657320585,0.520381,0.591304,0.93,1.86,0.0,3.72
72300,0.5384527499999999,0.018501785217918853,0.511956,0.551227,0.755,1.5100000000000002,0.0,3.02
72400,0.550526,0.035805497697048314,0.504649,0.586567,0.7975,1.5950000000000002,0.0,3.19
72500,0.5536359999999999,0.02060335882002417,0.525866,0.57001,0.83,1.66,0.0,3.32
72600,0.54775225,0.030038908750430103,0.510294,0.574594,0.8125,1.625,0.0,3.25
72700,0.5534695,0.019838343655658352,0.527376,0.572386,0.785,1.57,0.0,3.14
72800,0.559287,0.018643764015527198,0.535353,0.580174,0.84,1.68,0.0,3.36
72900,0.5521375,0.01720487738016944,0.52734,0.566944,0.75,1.5,0.0,3.0
73000,0.5570685,0.021529232816490846,0.526892,0.574647,0.85,1.7,0.0,3.4
73100,0.56379425,0.019435637033981327,0.534698,0.575214,0.8025,1.605,0.0,3.21
73200,0.5428769999999999,0.013731352227657685,0.528296,0.559457,0.73,1.46,0.0,2.92
73300,0.5510787500000001,0.008822325369009397,0.538952,0.557698,0.7775,1.555,0.0,3.11
73400,0.562863,0.02074467146040156,0.531788,0.574703,0.855,1.7100000000000002,0.0,3.42
73500,0.5469057500000001,0.01822994778516929,0.521974,0.563896,0.7675,1.5349999999999997,0.0,3.07
73600,0.547409,0.023926622759317038,0.516577,0.568106,0.78,1.5599999999999998,0.0,3.12
73700,0.55211425,0.014381080519789416,0.533308,0.567867,0.885,1.7700000000000002,0.0,3.54
73800,0.537214,0.020365869389741265,0.512431,0.558161,0.7275,1.455,0.0,2.91
73900,0.545964,0.02444206951139777,0.525342,0.574751,0.7625,1.5249999999999997,0.0,3.05
74000,0.559995,0.013409338959595767,0.540544,0.570143,0.865,1.7299999999999998,0.0,3.46
74100,0.54287975,0.019876114482379786,0.52582,0.568652,0.7575,1.515,0.0,3.03
74200,0.552986,0.01563150397967731,0.532507,0.569238,0.8275,1.655,0.0,3.31
74300,0.5611305,0.021967437819038725,0.54418,0.591038,0.9575,1.9150000000000003,0.0,3.83
74400,0.5428885,0.012349861821089351,0.530217,0.555996,0.75,1.5,0.0,3.0
74500,0.5502692499999999,0.013863236115111569,0.538338,0.564176,0.8075,1.615,0.0,3.23
74600,0.5624835,0.015241615279665537,0.543986,0.577723,0.8625,1.7250000000000003,0.0,3.45
74700,0.54326725,0.01579485906605899,0.521688,0.555844,0.6825,1.365,0.0,2.73
74800,0.55436975,0.02500341450515639,0.519665,0.574626,0.8,1.6000000000000003,0.0,3.2
74900,0.5652435,0.021085918563502653,0.536008,0.58521,0.8475,1.6949999999999998,0.0,3.39
75000,0.5449515,0.01841134781414256,0.520252,0.564008,0.7225,1.445,0.0,2.89
75100,0.539625,0.024540124992890034,0.509498,0.561568,0.77,1.54,0.0,3.08
75200,0.554253,0.02628017203140037,0.52131,0.585062,0.88,1.76,0.0,3.52
75300,0.54359475,0.025320152953395313,0.511756,0.572503,0.7325,1.4650000000000003,0.0,2.93
75400,0.5512965,0.01646287308866021,0.527993,0.565319,0.775,1.55,0.0,3.1
75500,0.559812,0.023152606447943057,0.530941,0.585439,0.8975,1.7950000000000002,0.0,3.59
75600,0.5502695000000001,0.027715167165290558,0.519412,0.579997,0.8275,1.655,0.0,3.31
75700,0.5556009999999999,0.017298529205301443,0.532249,0.570701,0.7925,1.5850000000000002,0.0,3.17
75800,0.5512955,0.011913268639070773,0.533708,0.559395,0.8575,1.715,0.0,3.43
75900,0.5429280000000001,0.010636587454003577,0.529266,0.553978,0.79,1.58,0.0,3.16
76000,0.5427255,0.016668795487376997,0.521614,0.559875,0.78,1.5599999999999998,0.0,3.12
76100,0.553557,0.01734792758035766,0.529373,0.568984,0.83,1.66,0.0,3.32
76200,0.54328725,0.020883748743540577,0.516259,0.566461,0.76,1.5200000000000002,0.0,3.04
76300,0.555507,0.02315143611096292,0.532248,0.587231,0.81,1.62,0.0,3.24
76400,0.5618740000000001,0.01745023589143332,0.543352,0.581639,0.78,1.5599999999999998,0.0,3.12
76500,0.5495585,0.015277816477930792,0.531117,0.567688,0.7075,1.4149999999999998,0.0,2.83
76600,0.555409,0.015107441102538413,0.53845,0.572137,0.84,1.68,0.0,3.36
76700,0.56254025,0.016324225992371006,0.548809,0.586223,0.8025,1.605,0.0,3.21
76800,0.54844,0.022418068114804228,0.532059,0.581424,0.6925,1.385,0.0,2.77
76900,0.5537515,0.02483352825650568,0.519065,0.573456,0.7875,1.5749999999999997,0.0,3.15
77000,0.55796725,0.023317650630298618,0.530197,0.586853,0.855,1.7100000000000002,0.0,3.42
77100,0.54812025,0.01449668990666487,0.537191,0.568247,0.7675,1.5349999999999997,0.0,3.07
77200,0.5527385,0.010693620855444603,0.541413,0.5648,0.8275,1.655,0.0,3.31
77300,0.56188275,0.018786749077918368,0.536304,0.581472,0.8125,1.625,0.0,3.25
77400,0.550896,0.025381233933755104,0.513743,0.569355,0.7775,1.555,0.0,3.11
77500,0.55320275,0.01979905883916372,0.524222,0.567769,0.7775,1.555,0.0,3.11
77600,0.5593684999999999,0.01994861907501373,0.532167,0.57476,0.8775,1.755,0.0,3.51
77700,0.543658,0.021839604285181873,0.51491,0.562053,0.785,1.57,0.0,3.14
77800,0.55670275,0.03229549983485831,0.516422,0.591161,0.755,1.5100000000000002,0.0,3.02
77900,0.5678655,0.02669139569848929,0.545288,0.598715,0.9225,1.8449999999999998,0.0,3.69
78000,0.5493385,0.016328530542172672,0.532081,0.567718,0.7725,1.545,0.0,3.09
78100,0.54896,0.01457832850501046,0.530797,0.562538,0.76,1.5200000000000002,0.0,3.04
78200,0.5674965000000001,0.027001831153954457,0.538344,0.592108,0.88,1.76,0.0,3.52
78300,0.5500885000000001,0.01579885726880271,0.535648,0.564559,0.75,1.5,0.0,3.0
78400,0.545559,0.013547305439336165,0.52709,0.556434,0.8325,1.665,0.0,3.33
78500,0.5598460000000001,0.024440193684448053,0.532238,0.581477,0.885,1.7700000000000002,0.0,3.54
78600,0.548347,0.027947497490830912,0.518029,0.572391,0.7725,1.545,0.0,3.09
78700,0.5538784999999999,0.02818073649972025,0.52336,0.579449,0.8075,1.615,0.0,3.23
78800,0.57515825,0.016500611693207032,0.557495,0.590896,0.87,1.74,0.0,3.48
78900,0.5441055000000001,0.02069953133930008,0.515738,0.561891,0.71,1.42,0.0,2.84
79000,0.56033075,0.016715468671762268,0.546224,0.579328,0.78,1.5599999999999998,0.0,3.12
79100,0.565056,0.026043965174297103,0.534328,0.597226,0.89,1.7799999999999998,0.0,3.56
79200,0.54635975,0.021507488748108216,0.528422,0.575864,0.755,1.5100000000000002,0.0,3.02
79300,0.55315425,0.01884745994159427,0.538805,0.580712,0.82,1.64,0.0,3.28
79400,0.557698,0.023895695832792448,0.537155,0.585528,0.8725,1.745,0.0,3.49
79500,0.54647075,0.023386542417595652,0.5154,0.566226,0.85,1.7,0.0,3.4
79600,0.5493677499999999,0.024876184197943213,0.513204,0.56802,0.8175,1.635,0.0,3.27
79700,0.56546,0.025010435248778315,0.53793,0.591943,0.87,1.74,0.0,3.48
79800,0.549233,0.014078569979464063,0.532948,0.563688,0.735,1.47,0.0,2.94
79900,0.5500525,0.011244102765449989,0.541344,0.565269,0.8175,1.635,0.0,3.27
80000,0.5598892500000001,0.019401435967044623,0.535313,0.582005,0.9425,1.885,0.0,3.77
80100,0.544458,0.013441572403058603,0.525456,0.555158,0.7175,1.435,0.0,2.87
80200,0.54967925,0.021362320510266052,0.529323,0.572566,0.7875,1.5749999999999997,0.0,3.15
80300,0.56273975,0.016955884079477134,0.539355,0.57611,0.8375,1.675,0.0,3.35
80400,0.5484469999999999,0.024557585820542984,0.516739,0.572317,0.73,1.46,0.0,2.92
80500,0.55829425,0.027003774111223768,0.530159,0.58192,0.78,1.5599999999999998,0.0,3.12
80600,0.56285425,0.02932074333272154,0.5315,0.594404,0.905,1.8099999999999998,0.0,3.62
80700,0.5462130000000001,0.026091636757142465,0.518099,0.568486,0.71,1.42,0.0,2.84
80800,0.55885125,0.020547665907591547,0.535434,0.579583,0.8175,1.635,0.0,3.27
80900,0.55633325,0.02290416744284759,0.529904,0.581061,0.935,1.8700000000000003,0.0,3.74
81000,0.54555675,0.018386406561642223,0.524454,0.564456,0.8125,1.625,0.0,3.25
81100,0.55427125,0.01499682376093905,0.538016,0.567817,0.7925,1.5850000000000002,0.0,3.17
81200,0.5554005,0.021715924272293838,0.527998,0.576487,0.84,1.68,0.0,3.36
81300,0.54582575,0.013090483652256688,0.532795,0.562283,0.755,1.5100000000000002,0.0,3.02
81400,0.55105475,0.007957833472958191,0.54426,0.562555,0.75,1.5,0.0,3.0
81500,0.5587915000000001,0.01813362887933171,0.540587,0.583608,0.8025,1.605,0.0,3.21
81600,0.5475085,0.01702251905565094,0.522634,0.559055,0.7775,1.555,0.0,3.11
81700,0.5529580000000001,0.013154537442773645,0.535407,0.56723,0.8575,1.715,0.0,3.43
81800,0.56065325,0.014217119313817904,0.539364,0.568879,0.985,1.9699999999999998,0.0,3.94
81900,0.54764775,0.020363449632040915,0.529569,0.572677,0.7725,1.545,0.0,3.09
82000,0.55918025,0.02245727064709036,0.527093,0.577733,0.775,1.55,0.0,3.1
82100,0.5684797500000001,0.019036666276338047,0.545374,0.591897,0.8725,1.745,0.0,3.49
82200,0.54971975,0.021482517735358635,0.530514,0.580494,0.7675,1.5349999999999997,0.0,3.07
82300,0.55595125,0.017267680337845006,0.539537,0.578221,0.7325,1.4650000000000003,0.0,2.93
82400,0.5619602499999999,0.012117591960313997,0.54581,0.57504,0.8375,1.675,0.0,3.35
82500,0.5430505,0.007161144112500482,0.533179,0.550065,0.7,1.4,0.0,2.8
82600,0.5472592500000001,0.014263013715551156,0.5351,0.563069,0.76,1.5200000000000002,0.0,3.04
82700,0.56006625,0.012767653566076011,0.543256,0.57385,0.85,1.7,0.0,3.4
82800,0.544913,0.010257573494740362,0.536775,0.558639,0.7275,1.455,0.0,2.91
82900,0.55947325,0.025639999549856997,0.529512,0.592117,0.8275,1.655,0.0,3.31
83000,0.5659382500000001,0.026503162356908763,0.53755,0.600578,0.8225,1.645,0.0,3.29
83100,0.54360675,0.021883217883041473,0.516587,0.56716,0.72,1.44,0.0,2.88
83200,0.53810475,0.016964839705991913,0.525394,0.562755,0.83,1.66,0.0,3.32
83300,0.5523534999999999,0.022808213206357647,0.527394,0.57281,0.8625,1.7250000000000003,0.0,3.45
83400,0.5455185,0.027121831716657115,0.51062,0.57381,0.775,1.55,0.0,3.1
83500,0.54846025,0.015364015650755715,0.527845,0.560476,0.785,1.57,0.0,3.14
83600,0.5642115000000001,0.01661103955205695,0.548055,0.583566,0.8575,1.715,0.0,3.43
83700,0.5508585,0.02431850881530362,0.529289,0.576276,0.79,1.58,0.0,3.16
83800,0.5616875,0.023057277441189794,0.528263,0.57742,0.8,1.6000000000000003,0.0,3.2
83900,0.5678417499999999,0.027914729760170242,0.532658,0.59553,0.8625,1.7250000000000003,0.0,3.45
84000,0.5501575,0.012594170543019732,0.535452,0.561206,0.685,1.37,0.0,2.74
84100,0.5471802499999999,0.01553031831343668,0.526948,0.564758,0.7425,1.485,0.0,2.97
84200,0.55450925,0.021305775842479908,0.535968,0.579465,0.9175,1.835,0.0,3.67
84300,0.54162075,0.017794983494887937,0.525353,0.563891,0.71,1.42,0.0,2.84
84400,0.5426835,0.01686470820974976,0.528704,0.562994,0.7375,1.475,0.0,2.95
84500,0.56408975,0.01411373797345458,0.551167,0.577765,0.8725,1.745,0.0,3.49
84600,0.54421275,0.015626271732246295,0.525483,0.561103,0.755,1.5100000000000002,0.0,3.02
84700,0.55085425,0.015276586450622227,0.537642,0.565778,0.7625,1.5249999999999997,0.0,3.05
84800,0.5536992500000001,0.010150210125082763,0.540579,0.563101,0.8775,1.755,0.0,3.51
84900,0.5432815,0.014981002425294047,0.525576,0.558047,0.7275,1.455,0.0,2.91
85000,0.5504525,0.008709440912021867,0.539863,0.559543,0.7675,1.5349999999999997,0.0,3.07
85100,0.5559464999999999,0.02300702574577314,0.526353,0.578443,0.8775,1.755,0.0,3.51
85200,0.5397375,0.017432210521522135,0.515049,0.552737,0.7075,1.4149999999999998,0.0,2.83
85300,0.55296725,0.017567586276530236,0.532366,0.574098,0.7775,1.555,0.0,3.11
85400,0.5724605,0.01824649010083859,0.551985,0.596387,0.81,1.62,0.0,3.24
85500,0.55169875,0.01720217527669103,0.527492,0.567097,0.695,1.39,0.0,2.78
85600,0.5526605,0.018418363399969426,0.52917,0.56791,0.775,1.55,0.0,3.1
85700,0.5623790000000001,0.0244672954097233,0.536336,0.593095,0.8575,1.715,0.0,3.43
85800,0.54959125,0.020467661930876874,0.520415,0.564394,0.7575,1.515,0.0,3.03
85900,0.547763,0.016327828534948133,0.528532,0.563646,0.8,1.6000000000000003,0.0,3.2
86000,0.548971,0.022830661181840548,0.515539,0.565458,0.85,1.7,0.0,3.4
86100,0.5447985,0.01958598465740237,0.524114,0.565265,0.77,1.54,0.0,3.08
86200,0.55403425,0.01791323301128714,0.531388,0.573879,0.88,1.76,0.0,3.52
86300,0.5640937500000001,0.022894191728835195,0.536934,0.590742,0.985,1.9699999999999998,0.0,3.94
86400,0.5528465,0.022565406363133245,0.519384,0.568771,0.7575,1.515,0.0,3.03
86500,0.5599535,0.021748848881415924,0.528281,0.577099,0.755,1.5100000000000002,0.0,3.02
86600,0.5627275,0.02039375117529877,0.540177,0.584922,0.84,1.68,0.0,3.36
86700,0.5517479999999999,0.019849206079841076,0.528605,0.575966,0.7475,1.495,0.0,2.99
86800,0.55089525,0.022316415219519468,0.520041,0.571827,0.85,1.7,0.0,3.4
86900,0.5564985,0.024634533193601746,0.523451,0.576276,0.9,1.8000000000000003,0.0,3.6
87000,0.5460955,0.02821084365393326,0.510746,0.568906,0.7375,1.475,0.0,2.95
87100,0.5531867500000001,0.025269412872416845,0.517421,0.572187,0.79,1.58,0.0,3.16
87200,0.55529825,0.01825881006299885,0.528449,0.569239,0.88,1.76,0.0,3.52
87300,0.5408245,0.022952703725995643,0.513705,0.564594,0.785,1.57,0.0,3.14
87400,0.5498075,0.020411066695953585,0.52853,0.576804,0.8175,1.635,0.0,3.27
87500,0.56250325,0.02058178522180879,0.543293,0.58806,0.8475,1.6949999999999998,0.0,3.39
87600,0.54425275,0.01650827453884869,0.529317,0.560056,0.7275,1.455,0.0,2.91
87700,0.564519,0.028432752627911374,0.539735,0.590792,0.83,1.66,0.0,3.32
87800,0.5538155,0.02546058142174552,0.527079,0.576217,0.845,1.69,0.0,3.38
87900,0.5382067500000001,0.016826011537200373,0.523415,0.559349,0.7075,1.4149999999999998,0.0,2.83
88000,0.55558375,0.019715073089305698,0.527444,0.572854,0.78,1.5599999999999998,0.0,3.12
88100,0.564241,0.020859567125582137,0.544231,0.584565,0.8275,1.655,0.0,3.31
88200,0.54864625,0.020570128769245303,0.529118,0.577514,0.7025,1.405,0.0,2.81
88300,0.5511595,0.019876106401070247,0.530306,0.57741,0.76,1.5200000000000002,0.0,3.04
88400,0.5627055000000001,0.019869511493743358,0.544649,0.589874,0.88,1.76,0.0,3.52
88500,0.54160325,0.01525126788991656,0.527214,0.561399,0.7375,1.475,0.0,2.95
88600,0.559605,0.016029028313240535,0.545796,0.578368,0.79,1.58,0.0,3.16
88700,0.558681,0.02738703400029537,0.532735,0.594982,0.7525,1.5050000000000001,0.0,3.01
88800,0.55170075,0.025037141721517126,0.529319,0.576574,0.6975,1.395,0.0,2.79
88900,0.5600287500000001,0.027767979417247256,0.532354,0.591573,0.7925,1.5850000000000002,0.0,3.17
89000,0.5644600000000001,0.021779288341602587,0.535159,0.58318,0.905,1.8099999999999998,0.0,3.62
89100,0.55215775,0.023477925808086213,0.517798,0.56914,0.7275,1.455,0.0,2.91
89200,0.550381,0.018576215438027188,0.52342,0.563588,0.72,1.44,0.0,2.88
89300,0.5641010000000001,0.004794783067737956,0.560687,0.571083,0.8125,1.625,0.0,3.25
89400,0.557415,0.011226608511329958,0.548027,0.571707,0.7225,1.445,0.0,2.89
89500,0.56037575,0.0257652517340054,0.532751,0.589605,0.8225,1.645,0.0,3.29
89600,0.56527225,0.019711565917416747,0.544236,0.585359,0.8075,1.615,0.0,3.23
89700,0.5519095,0.018371377329966316,0.52788,0.567358,0.6775,1.3549999999999998,0.0,2.71
89800,0.5461075000000001,0.020322038685460012,0.520794,0.568661,0.68,1.3599999999999999,0.0,2.72
89900,0.559653,0.02070638408800533,0.536582,0.58694,0.76,1.5200000000000002,0.0,3.04
90000,0.5437985,0.015392974858681487,0.52743,0.563199,0.7075,1.4149999999999998,0.0,2.83
90100,0.541377,0.020305231493386144,0.524034,0.565875,0.76,1.5200000000000002,0.0,3.04
90200,0.55947375,0.024603041565017927,0.52967,0.589139,0.8,1.6000000000000003,0.0,3.2
90300,0.5411950000000001,0.019759129079997412,0.522198,0.55926,0.705,1.41,0.0,2.82
90400,0.5496844999999999,0.01862928476887935,0.532264,0.575707,0.785,1.57,0.0,3.14
90500,0.55253625,0.014041577128300039,0.53785,0.568332,0.8475,1.6949999999999998,0.0,3.39
90600,0.53796025,0.013977080176131241,0.521519,0.554969,0.705,1.41,0.0,2.82
90700,0.55452225,0.024151184172140842,0.532035,0.577426,0.78,1.5599999999999998,0.0,3.12
90800,0.55252,0.015309002362444533,0.534687,0.570641,0.84,1.68,0.0,3.36
90900,0.54010625,0.011706795672457356,0.526047,0.553358,0.735,1.47,0.0,2.94
91000,0.5476695,0.01262707446983137,0.530434,0.557544,0.7275,1.455,0.0,2.91
91100,0.5588597499999999,0.018511324774760626,0.54358,0.583433,0.8025,1.605,0.0,3.21
91200,0.55174525,0.015185157498360058,0.538527,0.570141,0.6925,1.385,0.0,2.77
91300,0.5621425,0.018581532597357696,0.540269,0.584275,0.8325,1.665,0.0,3.33
91400,0.5736425,0.021352674625598263,0.547391,0.598786,0.8925,1.785,0.0,3.57
91500,0.5512185000000001,0.01709620699648511,0.528984,0.570017,0.725,1.45,0.0,2.9
91600,0.56763125,0.01701315979616955,0.551752,0.590098,0.8275,1.655,0.0,3.31
91700,0.566352,0.011356386250329234,0.555792,0.580975,0.8725,1.745,0.0,3.49
91800,0.54556375,0.014240251270606167,0.52727,0.55922,0.72,1.44,0.0,2.88
91900,0.5503007499999999,0.013079403079524191,0.53653,0.566842,0.7675,1.5349999999999997,0.0,3.07
92000,0.5703685000000001,0.017104673990852127,0.55484,0.586095,0.8775,1.755,0.0,3.51
92100,0.56099925,0.01944555159713057,0.541248,0.579349,1.7349999999999999,2.0214433787107007,0.0,3.8
92200,0.5614325,0.011525435017097302,0.551245,0.57405,1.385,1.6275441622272495,0.0,3.14
92300,0.5679080000000001,0.018749059354182723,0.540266,0.57977,0.855,1.7100000000000002,0.0,3.42
92400,0.55118575,0.02195983954669676,0.522678,0.573881,0.725,1.45,0.0,2.9
92500,0.563372,0.019397040994268522,0.541591,0.583014,0.8175,1.635,0.0,3.27
92600,0.5715542499999999,0.019722227247025936,0.54618,0.589895,0.9425,1.885,0.0,3.77
92700,0.5449085,0.013152463609529597,0.528897,0.556616,0.7775,1.555,0.0,3.11
92800,0.553161,0.021337718700304736,0.523654,0.574631,0.82,1.64,0.0,3.28
92900,0.57065575,0.0169285275275199,0.555888,0.589896,0.91,1.8199999999999996,0.0,3.64
93000,0.5586742499999999,0.014732697747414304,0.539056,0.574749,0.755,1.5100000000000002,0.0,3.02
93100,0.5519585,0.01160278519724181,0.538338,0.562831,0.8025,1.605,0.0,3.21
93200,0.5589864999999999,0.022230586714404695,0.538668,0.578614,0.8725,1.745,0.0,3.49
93300,0.5474215,0.021877201352092566,0.525793,0.573584,0.8125,1.625,0.0,3.25
93400,0.54862625,0.017295440350470037,0.525469,0.562553,0.8375,1.675,0.0,3.35
93500,0.5672675,0.024115380603811094,0.533581,0.585173,0.865,1.7299999999999998,0.0,3.46
93600,0.5460145000000001,0.016035736455388205,0.535123,0.569167,0.69,1.38,0.0,2.76
93700,0.55121175,0.018037531175764256,0.53436,0.573903,0.82,1.64,0.0,3.28
93800,0.5662165,0.0195398365312166,0.541125,0.588803,0.8925,1.785,0.0,3.57
93900,0.544015,0.02334069609073385,0.520121,0.568429,0.755,1.5100000000000002,0.0,3.02
94000,0.5515682500000001,0.019558516327080305,0.524977,0.569609,0.775,1.55,0.0,3.1
94100,0.5663715,0.013130564382386611,0.553774,0.582946,0.83,1.66,0.0,3.32
94200,0.55000125,0.014250104663358326,0.536082,0.567561,0.7775,1.555,0.0,3.11
94300,0.555414,0.010831946208630623,0.545438,0.567466,0.8725,1.745,0.0,3.49
94400,0.5656755,0.012869267539374559,0.55808,0.584873,0.9125,1.825,0.0,3.65
94500,0.5508775,0.010571414585254589,0.53945,0.563418,0.8,1.6000000000000003,0.0,3.2
94600,0.55706725,0.014606052772167194,0.542142,0.573947,0.85,1.7,0.0,3.4
94700,0.56351425,0.013090353429784337,0.552434,0.579961,0.85,1.7,0.0,3.4
94800,0.5492257500000001,0.014356686139797946,0.536703,0.564708,0.7525,1.5050000000000001,0.0,3.01
94900,0.5552047499999999,0.011589595632146371,0.541007,0.566877,0.73,1.46,0.0,2.92
95000,0.5601925,0.012434854522671327,0.547455,0.576681,0.81,1.62,0.0,3.24
95100,0.54238875,0.01197553036751749,0.52754,0.555838,0.695,1.39,0.0,2.78
95200,0.541521,0.021849241359827572,0.509476,0.558328,0.7475,1.495,0.0,2.99
95300,0.556598,0.018743151193613812,0.539172,0.577235,0.8125,1.625,0.0,3.25
95400,0.542064,0.017013050069481003,0.524176,0.563841,0.735,1.47,0.0,2.94
95500,0.55606475,0.007017314651393835,0.545968,0.562025,0.7625,1.5249999999999997,0.0,3.05
95600,0.5531355,0.013373895829812127,0.544039,0.572558,0.7925,1.5850000000000002,0.0,3.17
95700,0.5454545,0.016387466887838372,0.521005,0.555635,0.6825,1.365,0.0,2.73
95800,0.5540225,0.015510864203303845,0.53569,0.57322,0.75,1.5,0.0,3.0
95900,0.5579270000000001,0.01983863278219207,0.539556,0.582722,0.8625,1.7250000000000003,0.0,3.45
96000,0.55213775,0.012508858657634042,0.536726,0.567341,0.7425,1.485,0.0,2.97
96100,0.55729975,0.016573368625096504,0.542771,0.57288,0.7625,1.5249999999999997,0.0,3.05
96200,0.5582550000000001,0.013630120053274178,0.539745,0.571212,0.8625,1.7250000000000003,0.0,3.45
96300,0.552271,0.014382870853901181,0.533172,0.567685,0.725,1.45,0.0,2.9
96400,0.55056525,0.011496015784464879,0.533487,0.558487,0.7425,1.485,0.0,2.97
96500,0.56077125,0.01751013632870969,0.544698,0.584934,0.845,1.69,0.0,3.38
96600,0.5501667499999999,0.018558804027109792,0.530588,0.572229,0.7325,1.4650000000000003,0.0,2.93
96700,0.549312,0.011513245763033126,0.539491,0.564961,0.755,1.5100000000000002,0.0,3.02
96800,0.552843,0.021929012912881754,0.52787,0.579949,0.845,1.69,0.0,3.38
96900,0.5491759999999999,0.020321153280920545,0.523041,0.568675,0.7425,1.485,0.0,2.97
97000,0.5487725,0.015410986524770775,0.533759,0.564373,0.79,1.58,0.0,3.16
97100,0.5544085,0.01843598699102746,0.53238,0.576129,0.8125,1.625,0.0,3.25
97200,0.54101675,0.014197023123998013,0.528511,0.556791,0.725,1.45,0.0,2.9
97300,0.5551302499999999,0.018823967618880624,0.542364,0.582529,0.82,1.64,0.0,3.28
97400,0.5640627500000001,0.009870523031565617,0.551954,0.57506,0.7575,1.515,0.0,3.03
97500,0.5566665000000001,0.020965746357650476,0.536333,0.576713,0.71,1.42,0.0,2.84
97600,0.55317875,0.01870150301223586,0.531164,0.572495,0.7375,1.475,0.0,2.95
97700,0.547735,0.016726805712189433,0.530627,0.563939,0.7225,1.445,0.0,2.89
97800,0.5481017499999999,0.01506863600053656,0.53116,0.567479,0.715,1.43,0.0,2.86
97900,0.55674125,0.019065692405907147,0.530051,0.572966,0.8125,1.625,0.0,3.25
98000,0.55982925,0.020695470814890857,0.529838,0.575873,0.7975,1.5950000000000002,0.0,3.19
98100,0.5435715000000001,0.020130956766466264,0.522151,0.569729,0.725,1.45,0.0,2.9
98200,0.551721,0.019516703837140832,0.532283,0.571204,0.81,1.62,0.0,3.24
98300,0.56182625,0.014993945430850848,0.544149,0.576712,0.8975,1.7950000000000002,0.0,3.59
98400,0.54927825,0.01910467484456795,0.530669,0.568858,0.8175,1.635,0.0,3.27
98500,0.5530677500000001,0.017998193934855466,0.531785,0.573845,0.8,1.6000000000000003,0.0,3.2
98600,0.563553,0.01654687499197354,0.540505,0.578641,0.8,1.6000000000000003,0.0,3.2
98700,0.54708925,0.02071722227801465,0.519665,0.569922,0.7225,1.445,0.0,2.89
98800,0.5540415,0.023907293134104494,0.518231,0.567635,0.855,1.7100000000000002,0.0,3.42
98900,0.57663325,0.024520013001287998,0.546497,0.598923,0.91,1.8199999999999996,0.0,3.64
99000,0.55786275,0.023456442162371218,0.535139,0.588129,0.78,1.5599999999999998,0.0,3.12
99100,0.55618475,0.014374812703127628,0.542896,0.571225,0.7525,1.5050000000000001,0.0,3.01
99200,0.5645755,0.022738471049449798,0.533683,0.586384,0.935,1.8700000000000003,0.0,3.74
99300,0.54094325,0.02126361456220459,0.514568,0.560421,0.7525,1.5050000000000001,0.0,3.01
99400,0.54647275,0.024026702816866037,0.523649,0.578633,0.79,1.58,0.0,3.16
99500,0.55251975,0.017134373626816166,0.533062,0.574153,0.8275,1.655,0.0,3.31
99600,0.54270375,0.02086842328135981,0.52079,0.562805,0.71,1.42,0.0,2.84
99700,0.55250375,0.015808598259069866,0.536386,0.572628,0.7425,1.485,0.0,2.97
99800,0.558762,0.023834948052527144,0.53523,0.585449,0.84,1.68,0.0,3.36
99900,0.53982375,0.009556664075397863,0.531102,0.549598,0.7525,1.5050000000000001,0.0,3.01
100000,0.54773175,0.026783518332175866,0.511243,0.571791,0.8325,1.665,0.0,3.33
100100,0.54977575,0.02593797155234002,0.515628,0.577503,0.9,1.8000000000000003,0.0,3.6
100200,0.5416945,0.02459024766718164,0.510596,0.565199,0.7775,1.555,0.0,3.11
100300,0.55558975,0.021461839457899853,0.535745,0.580138,0.79,1.58,0.0,3.16
100400,0.5595527499999999,0.020454907143519396,0.538586,0.579107,0.8075,1.615,0.0,3.23
100500,0.5445445,0.01107965319854374,0.529924,0.553551,0.725,1.45,0.0,2.9
100600,0.5536559999999999,0.020385811928888203,0.524434,0.568746,0.8025,1.605,0.0,3.21
100700,0.55968175,0.02508287224880756,0.535588,0.593904,0.8075,1.615,0.0,3.23
100800,0.53860575,0.006901476961491665,0.532842,0.54856,0.6975,1.395,0.0,2.79
100900,0.544748,0.022811004376543077,0.516574,0.572369,0.7975,1.5950000000000002,0.0,3.19
101000,0.5542685,0.02228401089720311,0.527688,0.581447,0.8475,1.6949999999999998,0.0,3.39
101100,0.54858975,0.020483985393065805,0.523792,0.570463,0.7375,1.475,0.0,2.95
101200,0.558398,0.029539408739286985,0.527688,0.587719,0.785,1.57,0.0,3.14
101300,0.553187,0.024744458180907244,0.523751,0.575507,0.8175,1.635,0.0,3.27
101400,0.54770725,0.022560186426165314,0.52034,0.572378,0.7475,1.495,0.0,2.99
101500,0.547062,0.023429927201480318,0.526275,0.570853,0.7475,1.495,0.0,2.99
101600,0.55566475,0.026830348989841053,0.53254,0.585251,0.8175,1.635,0.0,3.27
101700,0.54454975,0.024508482074239796,0.515085,0.571076,0.7625,1.5249999999999997,0.0,3.05
101800,0.5476620000000001,0.022468864427617755,0.527481,0.569294,0.83,1.66,0.0,3.32
101900,0.559602,0.028686463044439583,0.520159,0.583876,0.8625,1.7250000000000003,0.0,3.45
102000,0.5470345,0.022861339265231154,0.525868,0.574858,0.75,1.5,0.0,3.0
102100,0.549162,0.0301700377527109,0.515546,0.586148,0.81,1.62,0.0,3.24
102200,0.56560375,0.03446508570882523,0.520983,0.599161,0.8175,1.635,0.0,3.27
102300,0.5475362500000001,0.028177022144234266,0.511184,0.574405,0.695,1.39,0.0,2.78
102400,0.55092925,0.018946930628732477,0.528187,0.568323,0.7525,1.5050000000000001,0.0,3.01
102500,0.5472152499999999,0.018370489076686758,0.519994,0.560246,0.76,1.5200000000000002,0.0,3.04
102600,0.54606025,0.022816669467372604,0.514502,0.568689,0.7125,1.425,0.0,2.85
102700,0.55873525,0.02678262131028253,0.523579,0.580465,0.785,1.57,0.0,3.14
102800,0.565222,0.024952520340305005,0.540105,0.587717,0.8175,1.635,0.0,3.27
102900,0.5517782499999999,0.02437073116636703,0.526509,0.581612,0.7325,1.4650000000000003,0.0,2.93
103000,0.553039,0.025501335219944854,0.516883,0.573032,0.7525,1.5050000000000001,0.0,3.01
103100,0.56800025,0.01918322556080353,0.541007,0.582406,0.785,1.57,0.0,3.14
103200,0.54314425,0.016110927686407952,0.519526,0.554027,0.7125,1.425,0.0,2.85
103300,0.56009975,0.016579996991857394,0.539462,0.573897,0.77,1.54,0.0,3.08
103400,0.5575235000000001,0.01705521923048774,0.535726,0.57344,0.8625,1.7250000000000003,0.0,3.45
103500,0.54698,0.02419922115826594,0.515564,0.572916,0.7725,1.545,0.0,3.09
103600,0.5489345,0.01950642544564911,0.522407,0.565218,0.7875,1.5749999999999997,0.0,3.15
103700,0.5633794999999999,0.018405490349349553,0.545055,0.579966,0.8925,1.785,0.0,3.57
103800,0.5452137499999999,0.02125178394668708,0.521057,0.565331,0.7375,1.475,0.0,2.95
103900,0.55054275,0.02315259009808622,0.528281,0.575952,0.8475,1.6949999999999998,0.0,3.39
104000,0.55805275,0.02689103823922264,0.522327,0.585729,0.97,1.94,0.0,3.88
104100,0.5554712500000001,0.019104090842452237,0.52821,0.571781,0.8325,1.665,0.0,3.33
104200,0.5626530000000001,0.027696517482648758,0.530964,0.594234,0.845,1.69,0.0,3.38
104300,0.5611265000000001,0.02418716642491774,0.539696,0.587006,0.8275,1.655,0.0,3.31
104400,0.5444705,0.02302979100353857,0.515328,0.567194,0.755,1.5100000000000002,0.0,3.02
104500,0.557166,0.024182606145740377,0.525042,0.583504,0.845,1.69,0.0,3.38
104600,0.56042625,0.01503790784151838,0.538675,0.572122,0.775,1.55,0.0,3.1
104700,0.5517960000000001,0.017993183431510983,0.530214,0.574123,0.7175,1.435,0.0,2.87
104800,0.5572252500000001,0.023708128372283345,0.530305,0.582321,0.8025,1.605,0.0,3.21
104900,0.55848975,0.021399367473128702,0.539124,0.588112,0.9425,1.885,0.0,3.77
105000,0.53972025,0.016050801441568785,0.528928,0.563564,0.735,1.47,0.0,2.94
105100,0.5509035,0.010346220066607278,0.536013,0.559358,0.775,1.55,0.0,3.1
105200,0.55904625,0.015677785268227995,0.538168,0.575144,0.8575,1.715,0.0,3.43
105300,0.5522849999999999,0.009669823473052641,0.540683,0.561812,0.7175,1.435,0.0,2.87
105400,0.5622557499999999,0.010331343261325406,0.54885,0.571991,0.75,1.5,0.0,3.0
105500,0.5627245,0.011709843309512443,0.554147,0.579279,0.7875,1.5749999999999997,0.0,3.15
105600,0.543215,0.01609336896571588,0.529941,0.566624,0.68,1.3599999999999999,0.0,2.72
105700,0.54490975,0.011673658791627161,0.538692,0.562409,0.71,1.42,0.0,2.84
105800,0.56760425,0.021782650900429863,0.545784,0.594204,0.8625,1.7250000000000003,0.0,3.45
105900,0.54390475,0.020023500099882643,0.526353,0.570037,0.78,1.5599999999999998,0.0,3.12
106000,0.55208975,0.017259614912177697,0.528745,0.56588,0.7875,1.5749999999999997,0.0,3.15
106100,0.555878,0.019229823382790934,0.533982,0.578803,0.8,1.6000000000000003,0.0,3.2
106200,0.536511,0.017166870536006237,0.512152,0.55216,0.7025,1.405,0.0,2.81
106300,0.5484445,0.016345235931814077,0.52536,0.56197,0.7625,1.5249999999999997,0.0,3.05
106400,0.5577665,0.013816799689749705,0.546914,0.57698,0.845,1.69,0.0,3.38
106500,0.5410997500000001,0.0070548269704744345,0.534113,0.550917,0.69,1.38,0.0,2.76
106600,0.5505899999999999,0.013072741819016652,0.534206,0.56331,0.7725,1.545,0.0,3.09
106700,0.5606442500000001,0.02256115711239118,0.538297,0.580933,0.785,1.57,0.0,3.14
106800,0.5461285,0.02361531738088649,0.517722,0.572523,0.7025,1.405,0.0,2.81
106900,0.5473904999999999,0.018692471719919782,0.526434,0.563497,0.71,1.42,0.0,2.84
107000,0.5621405,0.014599450959996157,0.543541,0.579237,0.8025,1.605,0.0,3.21
107100,0.5430630000000001,0.004088889580313942,0.538116,0.547632,0.71,1.42,0.0,2.84
107200,0.54691,0.014852231706604461,0.531316,0.563798,0.735,1.47,0.0,2.94
107300,0.56242575,0.01642245530516064,0.539143,0.577695,0.8175,1.635,0.0,3.27
107400,0.5509985,0.010071286792990592,0.53915,0.560888,0.7325,1.4650000000000003,0.0,2.93
107500,0.54941175,0.023512780345661666,0.521641,0.570314,0.7975,1.5950000000000002,0.0,3.19
107600,0.56278425,0.020116597747051226,0.540696,0.584073,0.845,1.69,0.0,3.38
107700,0.55978525,0.018024060019411085,0.535074,0.577389,0.79,1.58,0.0,3.16
107800,0.5606195,0.011179098607073211,0.545753,0.570793,0.81,1.62,0.0,3.24
107900,0.55342925,0.013199304612364982,0.538907,0.56731,0.8225,1.645,0.0,3.29
108000,0.5409415,0.01258578747370752,0.526763,0.554055,0.73,1.46,0.0,2.92
108100,0.55354175,0.02311518837438566,0.524608,0.575997,0.8025,1.605,0.0,3.21
108200,0.55781425,0.021320805556623187,0.531287,0.58343,0.88,1.76,0.0,3.52
108300,0.54083125,0.015533108218147011,0.524416,0.559479,0.77,1.54,0.0,3.08
108400,0.544055,0.014919159426723725,0.522807,0.556295,0.8175,1.635,0.0,3.27
108500,0.5574089999999999,0.025198082215385623,0.526789,0.579449,0.905,1.8099999999999998,0.0,3.62
108600,0.5450025000000001,0.019057043466043377,0.528114,0.568503,0.775,1.55,0.0,3.1
108700,0.544352,0.017254390417127678,0.523979,0.563791,0.705,1.41,0.0,2.82
108800,0.5521575000000001,0.024329134927763715,0.519754,0.572906,0.8175,1.635,0.0,3.27
108900,0.540231,0.0238182115337543,0.505001,0.55579,0.7525,1.5050000000000001,0.0,3.01
109000,0.54995225,0.024232401660792924,0.528785,0.583579,0.855,1.7100000000000002,0.0,3.42
109100,0.5625730000000001,0.02297673198404568,0.535438,0.584203,0.84,1.68,0.0,3.36
109200,0.5419407500000001,0.02050876348255384,0.517084,0.560508,0.755,1.5100000000000002,0.0,3.02
109300,0.54975325,0.020195938987413575,0.522827,0.571494,0.7475,1.495,0.0,2.99
109400,0.55354675,0.01383788265053581,0.534791,0.567979,0.8175,1.635,0.0,3.27
109500,0.5454685,0.015023927859695441,0.525522,0.560103,0.7,1.4,0.0,2.8
109600,0.5484255,0.019328005475647687,0.528647,0.571627,0.775,1.55,0.0,3.1
109700,0.5664769999999999,0.025650273305886352,0.534318,0.590992,0.9525,1.905,0.0,3.81
109800,0.5479112500000001,0.021592455941447118,0.518925,0.567845,0.7875,1.5749999999999997,0.0,3.15
109900,0.55239325,0.00820820850835716,0.541033,0.560636,0.755,1.5100000000000002,0.0,3.02
110000,0.55487325,0.02796595935984791,0.515955,0.580186,0.89,1.7799999999999998,0.0,3.56
110100,0.54552475,0.015110098993167892,0.523014,0.555489,0.72,1.44,0.0,2.88
110200,0.5508877499999999,0.015218257048142322,0.531601,0.564761,0.7425,1.485,0.0,2.97
110300,0.5547632499999999,0.010887612728080791,0.538843,0.563259,0.7675,1.5349999999999997,0.0,3.07
110400,0.5474675,0.022726040166880488,0.526939,0.571062,0.695,1.39,0.0,2.78
110500,0.54868975,0.014810378666664787,0.536622,0.567784,0.76,1.5200000000000002,0.0,3.04
110600,0.5644352499999999,0.010703174961197265,0.553098,0.57519,0.855,1.7100000000000002,0.0,3.42
110700,0.5481845,0.019728514887509072,0.530709,0.570947,0.7175,1.435,0.0,2.87
110800,0.54922725,0.015249994915299686,0.534975,0.568618,0.7275,1.455,0.0,2.91
110900,0.55505,0.03038444835767141,0.52172,0.588137,0.8925,1.785,0.0,3.57
111000,0.54680825,0.024644022079400908,0.520858,0.572144,0.7325,1.4650000000000003,0.0,2.93
111100,0.55037775,0.03244721503585993,0.519185,0.58703,0.77,1.54,0.0,3.08
111200,0.5559825,0.01899538604503738,0.537527,0.58113,0.9,1.8000000000000003,0.0,3.6
111300,0.53792775,0.015568617844347429,0.527126,0.560338,0.73,1.46,0.0,2.92
111400,0.5546042499999999,0.01998653852596793,0.53931,0.584005,0.8375,1.675,0.0,3.35
111500,0.55791225,0.019761808948491208,0.533099,0.581365,0.9225,1.8449999999999998,0.0,3.69
111600,0.5479765,0.023311294351308225,0.516257,0.569432,0.7975,1.5950000000000002,0.0,3.19
111700,0.55386025,0.01019954964283556,0.544441,0.568218,0.7525,1.5050000000000001,0.0,3.01
111800,0.56253325,0.012905963205045992,0.546074,0.576281,0.8325,1.665,0.0,3.33
111900,0.54644925,0.014864256083526931,0.527106,0.562536,0.775,1.55,0.0,3.1
112000,0.5537782499999999,0.019403601648061826,0.528364,0.571713,0.76,1.5200000000000002,0.0,3.04
112100,0.5628152500000001,0.015465975071642499,0.541868,0.576706,0.7975,1.5950000000000002,0.0,3.19
112200,0.54716575,0.01208995520738873,0.531217,0.560082,0.7225,1.445,0.0,2.89
112300,0.55327825,0.02105454154293877,0.531009,0.575771,0.7725,1.545,0.0,3.09
112400,0.5684625,0.017849861334662136,0.546841,0.585041,0.8375,1.675,0.0,3.35
112500,0.5473844999999999,0.011822126951892652,0.533543,0.560607,0.7125,1.425,0.0,2.85
112600,0.553386,0.024989838908377665,0.528111,0.584997,0.8025,1.605,0.0,3.21
112700,0.5568937500000001,0.020566620243734766,0.534666,0.580126,0.8125,1.625,0.0,3.25
112800,0.54799675,0.020532239403354562,0.526177,0.572413,0.7,1.4,0.0,2.8
112900,0.5470112500000001,0.023024793265448963,0.522924,0.570139,0.79,1.58,0.0,3.16
113000,0.5537765,0.025910725160314098,0.525562,0.58416,0.8,1.6000000000000003,0.0,3.2
113100,0.54860675,0.02706672511128747,0.519391,0.582373,0.6825,1.365,0.0,2.73
113200,0.55924425,0.026830335708857636,0.532478,0.582437,0.7775,1.555,0.0,3.11
113300,0.562014,0.023088115716388215,0.531224,0.584353,0.7625,1.5249999999999997,0.0,3.05
113400,0.54237725,0.021469870600060278,0.520974,0.565615,0.6775,1.3549999999999998,0.0,2.71
113500,0.553426,0.014366816975238485,0.540864,0.571752,0.7625,1.5249999999999997,0.0,3.05
113600,0.552077,0.02112002277460895,0.526778,0.569602,0.8025,1.605,0.0,3.21
113700,0.5474385,0.01720250069999511,0.523375,0.563761,0.715,1.43,0.0,2.86
113800,0.5491312500000001,0.01283493569325534,0.531942,0.559832,0.705,1.41,0.0,2.82
113900,0.55869325,0.02346158818686404,0.536993,0.591938,0.8225,1.645,0.0,3.29
114000,0.54875125,0.01661309735068488,0.525306,0.56244,0.67,1.34,0.0,2.68
114100,0.55567625,0.028447576714312018,0.515783,0.579454,0.785,1.57,0.0,3.14
114200,0.57237775,0.019670647496121425,0.543955,0.589308,0.785,1.57,0.0,3.14
114300,0.5581535,0.027569060635671477,0.519538,0.579189,0.72,1.44,0.0,2.88
114400,0.55336975,0.02853447413655977,0.51419,0.574847,0.7675,1.5349999999999997,0.0,3.07
114500,0.554614,0.02822102156194917,0.514475,0.577663,0.8025,1.605,0.0,3.21
114600,0.5433330000000001,0.01825844555267507,0.520443,0.558289,0.7125,1.425,0.0,2.85
114700,0.55951525,0.01695334024855673,0.537489,0.574646,0.8125,1.625,0.0,3.25
114800,0.55521175,0.012972708542038006,0.538312,0.568108,0.8375,1.675,0.0,3.35
114900,0.545921,0.017169627582837476,0.531337,0.56706,1.72,2.0077184397552696,0.0,3.8
115000,0.5531805000000001,0.01627549529200261,0.536151,0.573955,1.7650000000000001,2.0709015749989987,0.0,3.98
115100,0.561639,0.013329669538289408,0.549256,0.579477,1.6949999999999998,1.957370685383839,0.0,3.42
115200,0.5450535000000001,0.01081614510812424,0.533659,0.559152,1.3250000000000002,1.552127572076471,0.0,2.97
115300,0.54880125,0.018485920450890897,0.528611,0.571933,0.78,1.5599999999999998,0.0,3.12
115400,0.5497675,0.014035448300642196,0.535456,0.56669,0.935,1.8700000000000003,0.0,3.74
115500,0.53497325,0.018666896856467607,0.517153,0.552608,0.775,1.55,0.0,3.1
115600,0.54275275,0.02134687640499189,0.518559,0.567039,0.8125,1.625,0.0,3.25
115700,0.5566845,0.022523917843039653,0.530438,0.583865,0.8225,1.645,0.0,3.29
115800,0.5443325,0.024513137056144642,0.511881,0.570498,0.735,1.47,0.0,2.94
115900,0.55350275,0.019903588175251227,0.526416,0.572628,0.7875,1.5749999999999997,0.0,3.15
116000,0.5570674999999999,0.013257264436275408,0.545335,0.572781,0.8325,1.665,0.0,3.33
116100,0.5423760000000001,0.017040122104413833,0.518719,0.558029,0.8,1.6000000000000003,0.0,3.2
116200,0.551489,0.023915463965114025,0.517111,0.572582,0.7975,1.5950000000000002,0.0,3.19
116300,0.565631,0.014669209408371901,0.546473,0.582221,0.905,1.8099999999999998,0.0,3.62
116400,0.54810625,0.014972894384520307,0.532062,0.566011,0.76,1.5200000000000002,0.0,3.04
116500,0.54615,0.01665049971222084,0.527209,0.561404,0.74,1.48,0.0,2.96
116600,0.57425625,0.024948759706980718,0.548366,0.599169,0.885,1.7700000000000002,0.0,3.54
116700,0.55082175,0.027917778676857477,0.526529,0.576545,0.775,1.55,0.0,3.1
116800,0.5517745000000001,0.01853531809816059,0.534022,0.572128,0.785,1.57,0.0,3.14
116900,0.5609275,0.020693159972963726,0.542024,0.580315,0.8225,1.645,0.0,3.29
117000,0.5485745,0.018971862208720203,0.530348,0.567502,0.7525,1.5050000000000001,0.0,3.01
117100,0.55276375,0.016960546185682383,0.538092,0.571066,0.8075,1.615,0.0,3.23
117200,0.567034,0.01791374196903971,0.548499,0.591323,0.885,1.7700000000000002,0.0,3.54
117300,0.54915325,0.01342740330753989,0.538043,0.565326,0.755,1.5100000000000002,0.0,3.02
117400,0.5641025,0.027197271805581284,0.535412,0.592734,0.78,1.5599999999999998,0.0,3.12
117500,0.57190375,0.030451384154364245,0.544119,0.60733,0.87,1.74,0.0,3.48
117600,0.55698075,0.018677829002590223,0.537735,0.577369,0.735,1.47,0.0,2.94
117700,0.55511425,0.015409318444261797,0.540508,0.573909,0.78,1.5599999999999998,0.0,3.12
117800,0.5648252500000001,0.01927388946000954,0.545459,0.588115,0.7925,1.5850000000000002,0.0,3.17
117900,0.5473305,0.022542843809067206,0.5198,0.574091,0.78,1.5599999999999998,0.0,3.12
118000,0.55248725,0.014359328660607143,0.53611,0.568902,0.7775,1.555,0.0,3.11
118100,0.55757675,0.021192404745961863,0.534037,0.579765,0.84,1.68,0.0,3.36
118200,0.54523925,0.02256232181277746,0.517603,0.564081,0.7225,1.445,0.0,2.89
118300,0.5568690000000001,0.0294405683482277,0.519157,0.589328,0.8,1.6000000000000003,0.0,3.2
118400,0.5605225,0.033727245054999695,0.512389,0.591168,0.8175,1.635,0.0,3.27
118500,0.55172625,0.02540755852595838,0.518743,0.580209,0.75,1.5,0.0,3.0
118600,0.55323525,0.023205815167395734,0.519427,0.569273,0.7875,1.5749999999999997,0.0,3.15
118700,0.56414275,0.026379183236976866,0.52896,0.592887,0.8725,1.745,0.0,3.49
118800,0.5453560000000001,0.019306155046167693,0.527419,0.571221,0.74,1.48,0.0,2.96
118900,0.55919,0.02860313466504442,0.532467,0.591865,0.84,1.68,0.0,3.36
119000,0.56222425,0.019493425735787603,0.543939,0.588652,0.81,1.62,0.0,3.24
119100,0.5494165,0.019521549707950957,0.526324,0.566161,0.7075,1.4149999999999998,0.0,2.83
119200,0.55800425,0.01878851028997952,0.538875,0.575552,0.775,1.55,0.0,3.1
119300,0.56875225,0.028362473897446484,0.536069,0.605198,0.99,1.9799999999999998,0.0,3.96
119400,0.5526435,0.014562281609235088,0.539606,0.565335,0.77,1.54,0.0,3.08
119500,0.5537145,0.019899315574494827,0.529702,0.578351,0.7625,1.5249999999999997,0.0,3.05
119600,0.55861825,0.02292696414523012,0.536081,0.589891,0.855,1.7100000000000002,0.0,3.42
119700,0.5544865,0.025304069481673002,0.52838,0.588045,0.7275,1.455,0.0,2.91
119800,0.55682325,0.011763103541016158,0.546576,0.570554,0.7725,1.545,0.0,3.09
119900,0.5587212500000001,0.014280282802405108,0.546335,0.574146,0.83,1.66,0.0,3.32
120000,0.5529285,0.01578418029758488,0.541369,0.575013,0.67,1.34,0.0,2.68
120100,0.5498470000000001,0.016716727610390753,0.535249,0.573084,0.725,1.45,0.0,2.9
120200,0.566846,0.013265160961455875,0.556539,0.584583,0.7525,1.5050000000000001,0.0,3.01
120300,0.54989475,0.01366643892594802,0.530342,0.561624,0.665,1.3299999999999998,0.0,2.66
120400,0.54225225,0.02112099685739286,0.520123,0.561784,0.7425,1.485,0.0,2.97
120500,0.55412925,0.013761867275797526,0.537797,0.571476,0.73,1.46,0.0,2.92
120600,0.54012025,0.019771058804474773,0.515665,0.562601,0.6525,1.305,0.0,2.61
120700,0.54318925,0.02038558283648844,0.517032,0.560028,0.785,1.57,0.0,3.14
120800,0.56136225,0.021839442657342077,0.537569,0.580324,0.925,1.8500000000000003,0.0,3.7
120900,0.54361175,0.019661657328838435,0.519395,0.563721,0.735,1.47,0.0,2.94
121000,0.5444455,0.03057659615348534,0.514994,0.582909,0.7775,1.555,0.0,3.11
121100,0.55522925,0.022992109057602052,0.532328,0.575095,0.8175,1.635,0.0,3.27
121200,0.5450685,0.028935771523611875,0.51913,0.575061,0.735,1.47,0.0,2.94
121300,0.54829975,0.02172898108325991,0.517031,0.566644,0.85,1.7,0.0,3.4
121400,0.5648880000000001,0.018960940184143484,0.544095,0.583195,0.885,1.7700000000000002,0.0,3.54
121500,0.54188025,0.01756712563046856,0.525035,0.558916,0.7725,1.545,0.0,3.09
121600,0.55563275,0.017235054344271746,0.530606,0.570046,0.7425,1.485,0.0,2.97
121700,0.5656909999999999,0.01927542703374775,0.544837,0.583755,0.9125,1.825,0.0,3.65
121800,0.5455887500000001,0.01530669449130019,0.523549,0.558856,0.7775,1.555,0.0,3.11
121900,0.5519135000000001,0.01648407681167899,0.535645,0.570534,0.7875,1.5749999999999997,0.0,3.15
122000,0.56331825,0.012520801821369077,0.547725,0.574537,2.2925,4.584999999999999,0.0,9.17
122100,0.55582425,0.022549088368490653,0.53039,0.580169,2.165,4.33,0.0,8.66
122200,0.5534625,0.01744933753279286,0.53125,0.568961,2.2175,4.435,0.0,8.87
122300,0.56137225,0.01848995955241657,0.542739,0.586554,2.645,5.29,0.0,10.58
122400,0.54117425,0.011330823782202844,0.526627,0.554287,2.03,4.06,0.0,8.12
122500,0.5442177500000001,0.010769589171211034,0.529356,0.554936,1.9775,3.9549999999999996,0.0,7.91
122600,0.55162675,0.019830497327349074,0.523611,0.568843,2.1325,4.265,0.0,8.53
122700,0.54711925,0.017005502783412986,0.531478,0.564922,1.8975,3.7950000000000004,0.0,7.59
122800,0.56064925,0.017903346193286495,0.54017,0.583291,2.025,4.05,0.0,8.1
122900,0.5614015,0.024497318336231522,0.542313,0.596254,2.13,4.26,0.0,8.52
123000,0.5460800000000001,0.020872420367556814,0.523483,0.568795,1.7925,3.585,0.0,7.17
123100,0.55542725,0.02293671300738909,0.52336,0.577332,1.705,3.41,0.0,6.82
123200,0.56686175,0.021638726493257408,0.535587,0.581802,2.055,4.11,0.0,8.22
123300,0.5453760000000001,0.02284027899712847,0.520269,0.56833,1.685,3.3699999999999997,0.0,6.74
123400,0.549415,0.022746295053627217,0.530077,0.577669,1.75,3.5,0.0,7.0
123500,0.561485,0.023167407897014877,0.532907,0.588389,1.8675,3.735,0.0,7.47
123600,0.54847175,0.017339148890588615,0.534165,0.571554,1.7375,3.4750000000000005,0.0,6.95
123700,0.5502825,0.02011876831054361,0.533024,0.574466,1.68,3.36,0.0,6.72
123800,0.5549837500000001,0.015342022495420847,0.536965,0.568751,1.86,3.72,0.0,7.44
123900,0.542358,0.01507231269580087,0.523146,0.5565,1.725,3.4500000000000006,0.0,6.9
124000,0.5557885,0.017255153925711565,0.53344,0.57229,1.725,3.4500000000000006,0.0,6.9
124100,0.5650649999999999,0.03313134862935706,0.538353,0.611158,1.75,3.5,0.0,7.0
124200,0.5497,0.02163331383152689,0.523406,0.568767,1.6475,3.295,0.0,6.59
124300,0.54578375,0.019182262038577924,0.524651,0.570115,1.705,3.41,0.0,6.82
124400,0.55967425,0.024284876835525954,0.525479,0.582892,1.8825,3.7650000000000006,0.0,7.53
124500,0.5517190000000001,0.0216199926148615,0.527149,0.574074,1.6375,3.275,0.0,6.55
124600,0.554744,0.02705032659075794,0.528503,0.592586,1.685,3.3699999999999997,0.0,6.74
124700,0.56556375,0.021885697222539358,0.540836,0.591438,2.0725,4.145,0.0,8.29
124800,0.54725875,0.015025493300276948,0.532055,0.566092,1.815,3.63,0.0,7.26
124900,0.55970575,0.019888218947826036,0.532933,0.578005,1.8225,3.645,0.0,7.29
125000,0.56606875,0.02065513638097475,0.535643,0.58146,2.055,4.11,0.0,8.22
125100,0.5506260000000001,0.013066638358812879,0.535985,0.567575,1.8,3.6000000000000005,0.0,7.2
125200,0.55314825,0.014358000774829318,0.532275,0.565018,1.745,3.49,0.0,6.98
125300,0.56137325,0.013644531538923099,0.542369,0.573088,2.055,4.11,0.0,8.22
125400,0.5551422500000001,0.019725666551897985,0.52799,0.574367,1.7925,3.585,0.0,7.17
125500,0.55433625,0.015610209765300007,0.53736,0.572223,1.725,3.4500000000000006,0.0,6.9
125600,0.5643055,0.028502257296572176,0.542275,0.605933,2.1225,4.245,0.0,8.49
125700,0.5478885,0.020682375838702215,0.523709,0.567823,1.8375,3.675,0.0,7.35
125800,0.552252,0.029717678206750923,0.510545,0.578171,1.9075,3.815,0.0,7.63
125900,0.5640277499999999,0.022830033309582914,0.53349,0.585915,1.965,3.9299999999999997,0.0,7.86
126000,0.546993,0.019813442776727818,0.524663,0.571405,1.6375,3.275,0.0,6.55
126100,0.5553035,0.015284841564984119,0.538073,0.57112,1.68,3.36,0.0,6.72
126200,0.5537185,0.017365439633555715,0.534304,0.572324,1.7575,3.5149999999999997,0.0,7.03
126300,0.543539,0.02578161710728531,0.516425,0.567026,1.585,3.1700000000000004,0.0,6.34
126400,0.5498555,0.021375801669177248,0.528399,0.570951,1.655,3.31,0.0,6.62
126500,0.55940975,0.021611068342788316,0.533369,0.577838,1.9575,3.915,0.0,7.83
126600,0.5484335,0.018259860267811477,0.52864,0.57103,1.73,3.4599999999999995,0.0,6.92
126700,0.55689175,0.015836348240150986,0.537876,0.571496,1.7375,3.4750000000000005,0.0,6.95
126800,0.560731,0.028594053950661398,0.531164,0.587936,1.875,3.75,0.0,7.5
126900,0.54382425,0.018381504678616475,0.522074,0.563267,1.655,3.31,0.0,6.62
127000,0.5573545,0.023928298065958056,0.536798,0.582255,1.8375,3.675,0.0,7.35
127100,0.57370375,0.02904231593583174,0.539722,0.602058,1.9225,3.8450000000000006,0.0,7.69
127200,0.5549927499999999,0.015039543574080546,0.534225,0.567941,1.63,3.26,0.0,6.52
127300,0.55776375,0.015936086457575844,0.542992,0.571619,1.8675,3.735,0.0,7.47
127400,0.5665775,0.03834570837786157,0.52943,0.602483,1.9825,3.965,0.0,7.93
127500,0.55234925,0.026897589388580286,0.519373,0.574986,1.66,3.32,0.0,6.64
127600,0.55164175,0.020922583068302074,0.526775,0.576041,1.8975,3.7950000000000004,0.0,7.59
127700,0.56393,0.017253357914717136,0.544807,0.585402,1.9075,3.815,0.0,7.63
127800,0.5496375,0.011783046875348766,0.540044,0.564294,1.625,3.25,0.0,6.5
127900,0.55590675,0.02182189847187148,0.530012,0.574024,1.8225,3.645,0.0,7.29
128000,0.56316775,0.020995079556489722,0.537572,0.586014,2.0725,4.145,0.0,8.29
128100,0.5428787500000001,0.012152473448506944,0.529101,0.557767,1.685,3.3699999999999997,0.0,6.74
128200,0.55241475,0.016702602219913706,0.539739,0.575386,1.7375,3.4750000000000005,0.0,6.95
128300,0.5607154999999999,0.018751602464856142,0.545571,0.584814,1.99,3.9799999999999995,0.0,7.96
128400,0.54714675,0.020309581455969665,0.526985,0.565095,1.745,3.49,0.0,6.98
128500,0.54973375,0.016022894378045452,0.528316,0.566629,1.8525,3.705,0.0,7.41
128600,0.56776825,0.024239243062645317,0.535266,0.591498,1.8975,3.7950000000000004,0.0,7.59
128700,0.5491330000000001,0.023318142078647696,0.519798,0.573843,1.66,3.32,0.0,6.64
128800,0.55371925,0.018564372767481293,0.532337,0.574265,1.7925,3.585,0.0,7.17
128900,0.56172075,0.022432281744173964,0.532269,0.579832,1.8675,3.735,0.0,7.47
129000,0.5452915,0.020192698259519474,0.52076,0.567158,1.685,3.3699999999999997,0.0,6.74
129100,0.553824,0.01559158384086321,0.535667,0.567951,1.745,3.49,0.0,6.98
129200,0.56786075,0.021848908094380094,0.539145,0.587138,1.9575,3.915,0.0,7.83
129300,0.5469775,0.012863002565497689,0.528161,0.556418,1.625,3.25,0.0,6.5
129400,0.5504327499999999,0.017479440043948764,0.532756,0.571421,1.8375,3.675,0.0,7.35
129500,0.5628912500000001,0.02529541655946128,0.531725,0.589335,1.8975,3.7950000000000004,0.0,7.59
129600,0.55046075,0.02317613351956419,0.52146,0.572072,1.705,3.41,0.0,6.82
129700,0.5583285,0.018467434770427626,0.542463,0.580548,1.8,3.6000000000000005,0.0,7.2
129800,0.56906825,0.029491045989983675,0.528676,0.592131,1.845,3.6899999999999995,0.0,7.38
129900,0.5539357500000001,0.01584666407323639,0.535693,0.570895,1.6675,3.335,0.0,6.67
130000,0.5595209999999999,0.020624703488777745,0.534967,0.584056,1.765,3.5300000000000002,0.0,7.06
130100,0.5687347500000001,0.02540364860113602,0.540798,0.598265,2.0175,4.035,0.0,8.07
130200,0.5546102500000001,0.02971209654192487,0.518538,0.579089,1.89,3.78,0.0,7.56
130300,0.5602005,0.0166398231260632,0.536441,0.575118,1.8975,3.7950000000000004,0.0,7.59
130400,0.5667115,0.02061125512109022,0.537094,0.582766,1.7925,3.585,0.0,7.17
130500,0.55212075,0.015889625470203325,0.529793,0.565751,1.6125,3.2250000000000005,0.0,6.45
130600,0.55031025,0.01584488418754351,0.5311,0.564695,1.6375,3.275,0.0,6.55
130700,0.5514034999999999,0.014488247386531407,0.531442,0.562686,1.8825,3.7650000000000006,0.0,7.53
130800,0.54322475,0.01559683883302428,0.527245,0.558543,1.745,3.49,0.0,6.98
130900,0.54667,0.020707076809631998,0.524462,0.564769,1.8,3.6000000000000005,0.0,7.2
131000,0.55558825,0.019018420480768957,0.536285,0.576602,1.8825,3.7650000000000006,0.0,7.53
131100,0.53960825,0.022238737619673175,0.51329,0.567702,1.75,3.5,0.0,7.0
131200,0.54186225,0.024208589183386982,0.510242,0.567023,1.7375,3.4750000000000005,0.0,6.95
131300,0.5615760000000001,0.017820371769410412,0.535699,0.575728,1.8825,3.7650000000000006,0.0,7.53
131400,0.547164,0.019679469217096967,0.526168,0.569114,1.63,3.26,0.0,6.52
131500,0.5534325,0.015484086336192611,0.535413,0.56866,1.6125,3.2250000000000005,0.0,6.45
131600,0.5649952500000001,0.02364524307868286,0.533459,0.589553,1.8525,3.705,0.0,7.41
131700,0.5520125,0.017263821313177823,0.529621,0.570081,1.6075,3.215,0.0,6.43
131800,0.5513535,0.013003122330168712,0.534788,0.565834,1.8675,3.735,0.0,7.47
131900,0.55660075,0.015873471335848377,0.540099,0.578241,1.965,3.9299999999999997,0.0,7.86
132000,0.542918,0.02012780658690857,0.523443,0.56669,1.765,3.5300000000000002,0.0,7.06
132100,0.54948825,0.018614820124030186,0.530601,0.573602,1.9075,3.815,0.0,7.63
132200,0.56314375,0.020824054750456282,0.54142,0.58925,1.8675,3.735,0.0,7.47
132300,0.55533375,0.01951492617417069,0.534035,0.576155,1.745,3.49,0.0,6.98
132400,0.5589155,0.021076605079250004,0.528332,0.576235,1.815,3.63,0.0,7.26
132500,0.5728207500000001,0.0263464953694035,0.547066,0.597916,1.9825,3.965,0.0,7.93
132600,0.54423,0.021798157506235854,0.522885,0.567821,1.6375,3.275,0.0,6.55
132700,0.557476,0.011483273749240687,0.544826,0.571988,1.7725,3.545,0.0,7.09
132800,0.5569077499999999,0.01373270768093459,0.541174,0.572384,1.89,3.78,0.0,7.56
132900,0.543485,0.017152583090213207,0.522349,0.563691,1.6025,3.205,0.0,6.41
133000,0.5441542500000001,0.017832955249107354,0.523101,0.561739,1.8525,3.705,0.0,7.41
133100,0.55692875,0.013093064815007948,0.546756,0.575328,1.86,3.72,0.0,7.44
133200,0.541644,0.017492324030842818,0.515712,0.552176,1.655,3.31,0.0,6.62
133300,0.551887,0.025850613442108736,0.518487,0.574445,1.815,3.63,0.0,7.26
133400,0.55960625,0.01415427752483327,0.54143,0.570857,1.765,3.5300000000000002,0.0,7.06
133500,0.54880225,0.006110697089258049,0.541392,0.556064,1.54,3.08,0.0,6.16
133600,0.55641875,0.012318046906199594,0.539592,0.569166,1.8075,3.6150000000000007,0.0,7.23
133700,0.57177175,0.00868682321584443,0.561434,0.582065,2.01,4.02,0.0,8.04
133800,0.5539395,0.012785860562877007,0.534767,0.560791,1.7175,3.435,0.0,6.87
133900,0.558517,0.016902071963716955,0.533644,0.569615,1.73,3.4599999999999995,0.0,6.92
134000,0.567123,0.019994771599929153,0.545512,0.585971,1.8975,3.7950000000000004,0.0,7.59
134100,0.55358825,0.009527884493247495,0.542768,0.565834,1.6975,3.3950000000000005,0.0,6.79
134200,0.54691325,0.01377338857785792,0.533585,0.565496,1.6075,3.215,0.0,6.43
134300,0.55605675,0.01715876525035138,0.532016,0.569184,1.8525,3.705,0.0,7.41
134400,0.5472305,0.011461458007891771,0.534257,0.557959,1.585,3.1700000000000004,0.0,6.34
134500,0.55414725,0.008247605000847206,0.545657,0.563406,1.71,3.4200000000000004,0.0,6.84
134600,0.569436,0.019659151761965706,0.539962,0.580122,1.99,3.9799999999999995,0.0,7.96
134700,0.54705475,0.014344609867472869,0.525871,0.557399,1.6725,3.345,0.0,6.69
134800,0.556498,0.023427511192328294,0.525813,0.579832,1.7925,3.585,0.0,7.17
134900,0.5727275000000001,0.015701999034093306,0.549376,0.583383,1.965,3.9299999999999997,0.0,7.86
135000,0.5542155,0.009612356925679924,0.545009,0.564334,1.705,3.41,0.0,6.82
135100,0.559524,0.012229762221727758,0.548815,0.573535,1.705,3.41,0.0,6.82
135200,0.56953,0.026985682846032758,0.534233,0.598675,1.9075,3.815,0.0,7.63
135300,0.54994575,0.013577320903501803,0.531304,0.563868,1.6125,3.2250000000000005,0.0,6.45
135400,0.558019,0.017389787865296092,0.540425,0.57596,1.73,3.4599999999999995,0.0,6.92
135500,0.56484475,0.020059841531029063,0.537506,0.580583,1.8525,3.705,0.0,7.41
135600,0.55061325,0.021340117000225995,0.527176,0.577771,1.59,3.1800000000000006,0.0,6.36
135700,0.5549845,0.030305316964739582,0.52185,0.592881,1.815,3.63,0.0,7.26
135800,0.5685815000000001,0.023206034509727566,0.544919,0.598106,2.1125,4.2250000000000005,0.0,8.45
135900,0.54645625,0.013566159254434034,0.535205,0.563511,1.6725,3.345,0.0,6.69
136000,0.5573429999999999,0.02512274062809764,0.536562,0.592971,1.9225,3.8450000000000006,0.0,7.69
136100,0.55169625,0.02259349527887767,0.525098,0.572517,1.9225,3.8450000000000006,0.0,7.69
136200,0.5420467499999999,0.02887275911506668,0.516657,0.567525,1.745,3.49,0.0,6.98
136300,0.5504415,0.02837318105183132,0.523699,0.577462,1.875,3.75,0.0,7.5
136400,0.56104375,0.029649683262782653,0.522018,0.58655,1.965,3.9299999999999997,0.0,7.86
136500,0.5488712499999999,0.02206730026343652,0.523834,0.57544,1.655,3.31,0.0,6.62
136600,0.5516584999999999,0.02851925773344505,0.521262,0.579614,1.8225,3.645,0.0,7.29
136700,0.5617380000000001,0.02079478697494482,0.534472,0.583442,1.9575,3.915,0.0,7.83
136800,0.55102625,0.0256238296171747,0.522348,0.584588,1.725,3.4500000000000006,0.0,6.9
136900,0.5621240000000001,0.018972931191568693,0.542798,0.581662,1.965,3.9299999999999997,0.0,7.86
137000,0.5681175,0.031110934674698117,0.541315,0.603274,2.0,4.0,0.0,8.0
137100,0.5513275,0.027282812629932443,0.527018,0.580142,1.66,3.32,0.0,6.64
137200,0.5561082500000001,0.025694092464676237,0.533269,0.583144,1.685,3.3699999999999997,0.0,6.74
137300,0.56075725,0.006773907507241794,0.552987,0.569485,1.705,3.41,0.0,6.82
137400,0.5510405,0.012689741723140007,0.542069,0.569675,1.5475,3.0949999999999998,0.0,6.19
137500,0.5517252500000001,0.027525534489209587,0.517344,0.580016,1.7175,3.435,0.0,6.87
137600,0.55806675,0.026282957753076448,0.533781,0.592071,1.94,3.88,0.0,7.76
137700,0.54539775,0.013211723061357318,0.532461,0.561285,1.705,3.41,0.0,6.82
137800,0.557591,0.02630866433959228,0.520488,0.580581,1.8,3.6000000000000005,0.0,7.2
137900,0.55617875,0.02604738006498928,0.527315,0.590334,1.875,3.75,0.0,7.5
138000,0.54249725,0.020241597341036754,0.524977,0.569465,1.765,3.5300000000000002,0.0,7.06
138100,0.55110725,0.01517667849860437,0.530264,0.56419,1.7925,3.585,0.0,7.17
138200,0.56355025,0.01607908370886434,0.547373,0.579631,1.8525,3.705,0.0,7.41
138300,0.540183,0.026293753288566476,0.507938,0.569732,1.685,3.3699999999999997,0.0,6.74
138400,0.558978,0.017006609950251682,0.538015,0.578418,1.86,3.72,0.0,7.44
138500,0.56343575,0.008286022945297738,0.552078,0.57198,1.8675,3.735,0.0,7.47
138600,0.55217275,0.008057760788002277,0.540762,0.559474,1.625,3.25,0.0,6.5
138700,0.55492725,0.018652070240324545,0.527982,0.567963,1.8075,3.6150000000000007,0.0,7.23
138800,0.5660955000000001,0.026153141691455252,0.542647,0.597512,2.0175,4.035,0.0,8.07
138900,0.5477832499999999,0.015354117740310976,0.537648,0.57066,1.5475,3.0949999999999998,0.0,6.19
139000,0.5518377499999999,0.012266643832632708,0.538448,0.567468,1.6925,3.385,0.0,6.77
139100,0.5596442500000001,0.0182631665632405,0.536235,0.578417,1.8975,3.7950000000000004,0.0,7.59
139200,0.54103325,0.020692198455376034,0.512912,0.560598,1.5725,3.145,0.0,6.29
139300,0.5565,0.016543635191013314,0.535195,0.573431,1.815,3.63,0.0,7.26
139400,0.57535775,0.010777206112130037,0.565126,0.584953,1.9725,3.9450000000000003,0.0,7.89
139500,0.554517,0.019079826169718272,0.536296,0.57324,1.6075,3.215,0.0,6.43
139600,0.563991,0.012222698638189547,0.547639,0.576208,1.8,3.6000000000000005,0.0,7.2
139700,0.56141575,0.012150502386732823,0.55014,0.574189,1.875,3.75,0.0,7.5
139800,0.5515375,0.0208373653244998,0.521089,0.567474,1.655,3.31,0.0,6.62
139900,0.55866825,0.017532865507858823,0.535271,0.573403,1.9075,3.815,0.0,7.63
140000,0.5635067500000001,0.01912429619402151,0.539456,0.581935,1.9225,3.8450000000000006,0.0,7.69
140100,0.5526042499999999,0.010315473567251637,0.539924,0.565188,1.6375,3.275,0.0,6.55
140200,0.5537347499999999,0.008348418188495374,0.545438,0.565335,1.815,3.63,0.0,7.26
140300,0.57220875,0.01620630997225054,0.556963,0.590607,2.1025,4.205,0.0,8.41
140400,0.551503,0.01288161426219555,0.535394,0.566906,1.6075,3.215,0.0,6.43
140500,0.55380675,0.025188051669723613,0.518837,0.574743,1.845,3.6899999999999995,0.0,7.38
140600,0.55883525,0.017039418913703214,0.534305,0.570714,1.89,3.78,0.0,7.56
140700,0.54463375,0.02127688217095418,0.524377,0.564088,1.6675,3.335,0.0,6.67
140800,0.551739,0.01999185815942744,0.529132,0.570774,1.7575,3.5149999999999997,0.0,7.03
140900,0.55720475,0.03048827671280659,0.523162,0.58722,1.8225,3.645,0.0,7.29
141000,0.5493265,0.022620226413544126,0.518459,0.568156,1.59,3.1800000000000006,0.0,6.36
141100,0.5538912500000001,0.027765126224276366,0.525441,0.579476,1.815,3.63,0.0,7.26
141200,0.555692,0.031316827617113435,0.524101,0.593077,1.8225,3.645,0.0,7.29
141300,0.5430535000000001,0.024707787335170237,0.513202,0.570993,1.6175,3.2350000000000003,0.0,6.47
141400,0.55034525,0.023333793967477017,0.525911,0.57248,1.845,3.6899999999999995,0.0,7.38
141500,0.5586402500000001,0.020872844325822013,0.534668,0.581805,1.9475,3.895,0.0,7.79
141600,0.54515325,0.01208980601925988,0.52834,0.557039,1.6975,3.3950000000000005,0.0,6.79
141700,0.55546875,0.011526452225930836,0.543591,0.5689,1.815,3.63,0.0,7.26
141800,0.56657775,0.016791608824548828,0.542938,0.579759,1.99,3.9799999999999995,0.0,7.96
141900,0.541632,0.015610607013608809,0.522889,0.557654,1.59,3.1800000000000006,0.0,6.36
142000,0.55705575,0.01713762660298483,0.532532,0.570055,1.75,3.5,0.0,7.0
142100,0.5610585,0.01909897080124129,0.541453,0.580397,1.86,3.72,0.0,7.44
142200,0.544026,0.01988796451793563,0.523061,0.563181,1.6975,3.3950000000000005,0.0,6.79
142300,0.5466807499999999,0.01820139651006666,0.519501,0.558077,1.6725,3.345,0.0,6.69
142400,0.5543739999999999,0.015890683916475485,0.532379,0.56919,1.815,3.63,0.0,7.26
142500,0.544257,0.015830617739052356,0.52236,0.559267,1.535,3.0699999999999994,0.0,6.14
142600,0.54803075,0.024783700455137853,0.519933,0.576353,1.6425,3.2849999999999997,0.0,6.57
142700,0.5539835,0.016945757630352977,0.538475,0.571487,1.7725,3.545,0.0,7.09
142800,0.54069475,0.027382476809996576,0.514497,0.567399,1.6925,3.385,0.0,6.77
142900,0.5487627500000001,0.02186182431202849,0.528224,0.569126,1.845,3.6899999999999995,0.0,7.38
143000,0.5540155,0.023712886573900405,0.527822,0.577063,2.0,4.0,0.0,8.0
143100,0.540758,0.01849647935869596,0.513429,0.554368,1.66,3.32,0.0,6.64
143200,0.54815775,0.01890212893432906,0.525559,0.568261,1.6025,3.205,0.0,6.41
143300,0.5607635,0.025793747440028953,0.53319,0.590361,1.9075,3.815,0.0,7.63
143400,0.541867,0.027001765065763166,0.516064,0.576921,1.6725,3.345,0.0,6.69
143500,0.54707025,0.022828441973044664,0.526836,0.566852,1.75,3.5,0.0,7.0
143600,0.55192375,0.03050815543834138,0.519212,0.580568,2.0925,4.185,0.0,8.37
143700,0.543257,0.021364244163243108,0.522856,0.569777,1.7725,3.545,0.0,7.09
143800,0.55169775,0.024914424956572156,0.528784,0.585533,1.6925,3.385,0.0,6.77
143900,0.55968775,0.023084688812789585,0.528776,0.584016,1.965,3.9299999999999997,0.0,7.86
144000,0.5483385000000001,0.02401903526372363,0.515417,0.568419,1.7175,3.435,0.0,6.87
144100,0.5544825,0.012311130208067803,0.538641,0.568708,1.7925,3.585,0.0,7.17
144200,0.56013475,0.018546709184740388,0.53561,0.578895,1.915,3.8300000000000005,0.0,7.66
144300,0.542651,0.03142649415169733,0.509816,0.578824,1.6975,3.3950000000000005,0.0,6.79
144400,0.543123,0.031374741720052474,0.513977,0.574431,1.7725,3.545,0.0,7.09
144500,0.55753775,0.020615570594011357,0.536231,0.58424,1.9475,3.895,0.0,7.79
144600,0.5556899999999999,0.019452384052689658,0.533596,0.576026,1.6175,3.2350000000000003,0.0,6.47
144700,0.5379285,0.016241384475058386,0.517716,0.551578,1.66,3.32,0.0,6.64
144800,0.5542765,0.017346602750971104,0.531356,0.568093,1.86,3.72,0.0,7.44
144900,0.5440294999999999,0.02423947236086903,0.516303,0.566473,1.705,3.41,0.0,6.82
145000,0.5576095,0.022087641861457282,0.532295,0.582776,1.765,3.5300000000000002,0.0,7.06
145100,0.5625242500000001,0.022494296793854195,0.538931,0.58256,1.915,3.8300000000000005,0.0,7.66
145200,0.5482462499999999,0.017712760040434098,0.528042,0.566653,1.6725,3.345,0.0,6.69
145300,0.5506807499999999,0.026408729344353794,0.523657,0.576374,1.875,3.75,0.0,7.5
145400,0.55323275,0.016414542279637293,0.530721,0.568818,1.9725,3.9450000000000003,0.0,7.89
145500,0.5467325000000001,0.01618962603027013,0.526143,0.564938,1.6425,3.2849999999999997,0.0,6.57
145600,0.5582305000000001,0.022863794822090795,0.527997,0.583492,1.75,3.5,0.0,7.0
145700,0.56471925,0.03302996398600319,0.519872,0.596878,1.965,3.9299999999999997,0.0,7.86
145800,0.5476455,0.017459142409255564,0.523255,0.563052,1.6125,3.2250000000000005,0.0,6.45
145900,0.557069,0.021396834423188266,0.526395,0.573283,1.8075,3.6150000000000007,0.0,7.23
146000,0.5640382500000001,0.019007889579066913,0.544391,0.585705,1.785,3.57,0.0,7.14
146100,0.55439325,0.029174235532686513,0.526589,0.592389,1.655,3.31,0.0,6.62
146200,0.5567952500000001,0.029645961696606618,0.52247,0.584692,1.8225,3.645,0.0,7.29
146300,0.5626165000000001,0.029100682758313425,0.532066,0.596678,1.965,3.9299999999999997,0.0,7.86
146400,0.545087,0.024939133745982434,0.513823,0.572053,1.725,3.4500000000000006,0.0,6.9
146500,0.55715925,0.02100956909561293,0.532987,0.579427,1.83,3.66,0.0,7.32
146600,0.5641339999999999,0.031089502526308356,0.526465,0.602301,2.1025,4.205,0.0,8.41
146700,0.54788425,0.024702171596508147,0.518099,0.576584,1.7175,3.435,0.0,6.87
146800,0.548245,0.02867538318256039,0.522485,0.579421,2.7625,3.490275777069772,0.0,7.26
146900,0.5535982500000001,0.03609030932143233,0.521136,0.588171,2.4275,3.6197179908569304,0.0,7.66
147000,0.543676,0.02849530050142772,0.517485,0.575171,2.2025,3.2842084282213273,0.0,6.95
147100,0.54727,0.021530629778681927,0.525908,0.567298,2.11,3.285746997766769,0.0,6.92
147200,0.5638194999999999,0.01976052530509583,0.540404,0.586872,2.285,3.578086080574362,0.0,7.53
147300,0.54984025,0.015417470639396948,0.529975,0.567573,2.0300000000000002,3.178962094772443,0.0,6.69
147400,0.5482585,0.018004070252769715,0.53229,0.572455,2.1350000000000002,3.2963464623731524,0.0,6.95
147500,0.56554575,0.00998496778078593,0.553265,0.577522,2.395,3.6781290533820767,0.0,7.76
147600,0.5550835000000001,0.008255346126399934,0.544609,0.562005,2.1399999999999997,3.3553539306606686,0.0,7.06
147700,0.5574645,0.017853353233123082,0.534759,0.576116,2.2275,3.427743426804288,0.0,7.23
147800,0.55868775,0.01692166255376031,0.538009,0.575495,1.8075,3.6150000000000007,0.0,7.23
147900,0.545248,0.01343094414650985,0.532648,0.560798,1.5625,3.125,0.0,6.25
148000,0.55645675,0.016638096673498033,0.538522,0.572394,1.7375,3.4750000000000005,0.0,6.95
148100,0.55741,0.018696141259628953,0.537043,0.58208,1.94,3.88,0.0,7.76
148200,0.544593,0.0173478638262275,0.519205,0.556253,1.655,3.31,0.0,6.62
148300,0.5630085,0.014956593785573881,0.542272,0.577299,1.8,3.6000000000000005,0.0,7.2
148400,0.56516475,0.020560513002273694,0.545421,0.58771,1.875,3.75,0.0,7.5
148500,0.543574,0.021417806330247733,0.521617,0.567743,1.685,3.3699999999999997,0.0,6.74
148600,0.5610297500000001,0.02417018269652367,0.528822,0.584467,1.725,3.4500000000000006,0.0,6.9
148700,0.5572057499999999,0.012788428242620997,0.541366,0.572187,1.8075,3.6150000000000007,0.0,7.23
148800,0.5427665,0.02006757614494918,0.514494,0.55852,1.63,3.26,0.0,6.52
148900,0.5481590000000001,0.016904300498196682,0.530923,0.571356,1.655,3.31,0.0,6.62
149000,0.56748,0.027580023809513566,0.543443,0.593887,1.8975,3.7950000000000004,0.0,7.59
149100,0.5516305,0.02638123270432978,0.529073,0.582598,1.6925,3.385,0.0,6.77
149200,0.5536282499999999,0.0188434382633142,0.528029,0.571064,1.8075,3.6150000000000007,0.0,7.23
149300,0.56288725,0.0166160280326958,0.542702,0.57921,1.8375,3.675,0.0,7.35
149400,0.54503525,0.02107690025240905,0.516845,0.564698,1.5725,3.145,0.0,6.29
149500,0.55263725,0.020623197737418563,0.52757,0.573108,1.7575,3.5149999999999997,0.0,7.03
149600,0.5624805,0.020100141715918327,0.541181,0.582065,1.89,3.78,0.0,7.56
149700,0.5436475,0.02227544930336232,0.518271,0.568564,1.5725,3.145,0.0,6.29
149800,0.554025,0.026936368636721126,0.527308,0.588437,1.6925,3.385,0.0,6.77
149900,0.56727625,0.019682024156998355,0.54339,0.591161,1.845,3.6899999999999995,0.0,7.38
150000,0.5463975,0.027339760478102222,0.51845,0.583367,2.64,5.28,0.0,10.56
150100,0.550607,0.019114920298028977,0.528701,0.568803,2.8875,5.775,0.0,11.55
150200,0.5584695,0.025578911216077957,0.529888,0.589459,2.88,5.76,0.0,11.52
150300,0.53866775,0.010870820035765462,0.523536,0.549372,2.35,4.7,0.0,9.4
150400,0.5453955,0.017864135626071212,0.521829,0.56221,2.2725,4.545,0.0,9.09
150500,0.5661430000000001,0.018782161164253703,0.542364,0.587872,2.3,4.6,0.0,9.2
150600,0.55232075,0.023140737821354507,0.529801,0.581592,2.145,4.29,0.0,8.58
150700,0.56372325,0.01164234287346549,0.550324,0.576448,2.1875,4.375,0.0,8.75
150800,0.56325425,0.01744048050513515,0.544704,0.579672,2.21,4.42,0.0,8.84
150900,0.55025525,0.01116221630845179,0.535879,0.561284,1.985,3.9699999999999998,0.0,7.94
151000,0.559177,0.019306762545802433,0.532331,0.573283,2.0525,4.105,0.0,8.21
151100,0.565315,0.013739077188807137,0.548603,0.577786,2.1325,4.265,0.0,8.53
151200,0.5514699999999999,0.023685824340028118,0.519994,0.570608,1.9375,3.875,0.0,7.75
151300,0.56292525,0.02377815240054055,0.529553,0.582238,2.19,4.380000000000001,0.0,8.76
151400,0.56688025,0.024603502696093238,0.538117,0.590641,1.8075,3.6150000000000007,0.0,7.23
151500,0.5476522500000001,0.015636224381757477,0.524528,0.558045,1.5675,3.135,0.0,6.27
151600,0.55620325,0.021591274570606826,0.534666,0.583205,1.7375,3.4750000000000005,0.0,6.95
151700,0.56018075,0.017120482185090446,0.545022,0.579438,1.99,3.9799999999999995,0.0,7.96
151800,0.546263,0.01912665173695247,0.520282,0.5652,1.705,3.41,0.0,6.82
151900,0.5537975,0.01530129705831065,0.537377,0.572429,1.765,3.5300000000000002,0.0,7.06
152000,0.5647639999999999,0.020044094259074607,0.545324,0.589362,1.9825,3.965,0.0,7.93
152100,0.5505225,0.022394373943768413,0.529262,0.575242,1.73,3.4599999999999995,0.0,6.92
152200,0.55334675,0.024161257188248027,0.530396,0.57863,2.6625,5.325000000000001,0.0,10.65
152300,0.568668,0.019580471206451254,0.547291,0.586248,2.88,5.76,0.0,11.52
152400,0.551682,0.02016030381715518,0.531925,0.573208,2.555,5.110000000000001,0.0,10.22
152500,0.5592705,0.023627660068939,0.534721,0.584285,2.6625,5.325000000000001,0.0,10.65
152600,0.562572,0.02259945160101601,0.544084,0.595335,2.9525,5.905,0.0,11.81
152700,0.54969,0.019198386616241136,0.530865,0.573798,2.6025,5.204999999999999,0.0,10.41
152800,0.555776,0.022210353216461885,0.536105,0.578182,2.88,5.76,0.0,11.52
152900,0.5649442499999999,0.021715989736827594,0.542103,0.589879,2.8925,5.785,0.0,11.57
153000,0.55367275,0.023658336013267438,0.524837,0.574198,2.7025,5.404999999999999,0.0,10.81
153100,0.55823075,0.018617372682076663,0.534055,0.577273,2.7775,5.555,0.0,11.11
153200,0.56381875,0.021337362448297096,0.534799,0.580233,4.0275,5.615605488279959,0.0,11.91
153300,0.5421192499999999,0.013306334515936382,0.53109,0.558356,3.5,4.945037916942599,0.0,10.49
153400,0.558715,0.019502872061998112,0.539915,0.585249,3.7675,5.388824083230032,0.0,11.43
153500,0.5631139999999999,0.015874765993025994,0.546874,0.58359,4.0275,5.86911336290812,0.0,12.44
153600,0.54102025,0.015099054636521685,0.519666,0.554804,3.4450000000000003,5.065020565933897,0.0,10.73
153700,0.559131,0.016065845822738362,0.537401,0.573839,3.495,5.021663071134901,0.0,10.65
153800,0.5534672500000001,0.022180894547259942,0.53302,0.574453,3.8625,5.673613633890367,0.0,12.02
153900,0.54579325,0.025232489101355008,0.52362,0.578143,3.43,5.066668859648649,0.0,10.73
154000,0.56094125,0.026254689960398817,0.53422,0.589064,3.6149999999999998,5.240283071234479,0.0,11.11
154100,0.573492,0.020518965779655313,0.55425,0.598333,3.8775,5.662157274396394,0.0,12.0
154200,0.55004225,0.021443671006849522,0.528857,0.573255,3.3325,4.864643700553344,0.0,10.31
154300,0.5492727500000001,0.014029611906606657,0.53636,0.565054,2.9299999999999997,4.176904755118715,0.0,8.86
154400,0.56112425,0.030941184338192356,0.534197,0.59619,3.3725,4.775335066778037,0.0,10.13
154500,0.5532714999999999,0.022283864498780292,0.527951,0.581441,2.9675,4.144324432280851,0.0,8.79
154600,0.5598682500000001,0.019290151137735186,0.537377,0.576834,2.98,4.0474601089242785,0.0,8.57
154700,0.561036,0.020096455027359083,0.538323,0.580056,2.54,3.4435737250710923,0.0,7.29
154800,0.548465,0.02271465396317249,0.51916,0.567299,2.235,3.054008295120801,0.0,6.47
154900,0.56268425,0.01947755733102417,0.53815,0.582207,2.4325,3.3187685969347127,0.0,7.03
155000,0.5634105,0.025125202029038517,0.534458,0.585902,2.585,3.475327322713646,0.0,7.35
155100,0.551474,0.015928352457175193,0.537323,0.570919,2.3025,3.096884186834675,0.0,6.55
155200,0.547252,0.010327214758426722,0.541861,0.56274,2.2800000000000002,3.072501695144637,0.0,6.5
155300,0.56330425,0.01503696337640461,0.545843,0.580449,2.6675,3.576006851223862,0.0,7.56
155400,0.5467705,0.01583700538822497,0.524821,0.560863,2.2874999999999996,2.9819834003562122,0.0,6.27
155500,0.5519762500000001,0.021750416660759987,0.520259,0.568819,2.555,3.420570127917275,0.0,7.23
155600,0.56844425,0.020921922734697847,0.537621,0.583342,2.695,3.6645099717879512,0.0,7.76
155700,0.5477485,0.022494422323470938,0.525817,0.568351,2.41,3.3802070942473335,0.0,7.17
155800,0.5575399999999999,0.025163159618776045,0.532847,0.589442,2.4625,3.383079218700029,0.0,7.17
155900,0.56394225,0.03474024019658856,0.530391,0.606934,2.5675,3.422780302619495,0.0,7.23
156000,0.547695,0.02360192750603222,0.530093,0.580925,2.17,2.8885290374167956,0.0,6.1
156100,0.5592395,0.023024098715621142,0.526288,0.578541,2.38,3.265414726085085,0.0,6.92
156200,0.5585414999999999,0.024346855683366284,0.522958,0.578127,2.64,3.584717562096071,0.0,7.59
156300,0.540536,0.018721894473227526,0.516424,0.561741,2.23,3.0146531033160904,0.0,6.38
156400,0.540739,0.021279400054199534,0.512199,0.563719,2.2075,2.88121935992385,0.0,6.06
156500,0.554171,0.01582973806900582,0.540717,0.575548,2.37,3.0395394387966084,0.0,6.36
156600,0.547682,0.026127438042538066,0.520942,0.582714,2.2225,2.8852772830353755,0.0,6.06
156700,0.5584359999999999,0.02882087751382092,0.529457,0.595948,2.51,3.494023468724845,0.0,7.41
156800,0.5592385,0.03146737636028779,0.516544,0.588035,2.5875,3.566374209193421,0.0,7.56
156900,0.54266625,0.024702553138963867,0.516863,0.566141,2.3075,3.1707136420686113,0.0,6.72
157000,0.5468515,0.020246546182826668,0.52346,0.5712,2.31,3.114814066146913,0.0,6.59
157100,0.5574085,0.015999981614572764,0.541518,0.579554,2.5075,3.3423681724190706,0.0,7.06
157200,0.54693525,0.022295317989434495,0.516519,0.568338,2.265,3.0704342798155877,0.0,6.5
157300,0.5539970000000001,0.016675538212203727,0.532544,0.568628,2.455,3.395894580224775,0.0,7.2
157400,0.5594870000000001,0.02450049116514468,0.532012,0.590557,2.6725,3.693213370494589,0.0,7.83
157500,0.5475775,0.01323550410826879,0.532251,0.560451,2.3525,3.205800732006488,0.0,6.79
157600,0.54985025,0.016616697754066528,0.526522,0.563338,2.5575,3.5106730124008982,0.0,7.44
157700,0.5628044999999999,0.019150226743653298,0.538187,0.581375,2.755,3.7578850434785784,0.0,7.96
157800,0.5474975000000001,0.02761448214856351,0.519232,0.577029,2.26,3.0193597555331713,0.0,6.38
157900,0.55773575,0.018616844905890984,0.541493,0.579811,2.465,3.3356008953910137,0.0,7.06
158000,0.5632335,0.01557179297105294,0.541531,0.578419,2.5375,3.430455509112456,0.0,7.26
158100,0.54589975,0.017820403799671137,0.519659,0.558642,2.315,3.1935403551544486,0.0,6.77
158200,0.5556694999999999,0.02184061385736823,0.529618,0.579467,2.535,3.4301166160933945,0.0,7.26
158300,0.5718595,0.011004030428287025,0.560306,0.586422,2.58,3.4872338608128937,0.0,7.38
158400,0.5511,0.011457601203276923,0.535405,0.562321,2.14,2.922019849350788,0.0,6.19
158500,0.5608115,0.016864812569370575,0.540413,0.58067,2.385,3.1608490420560527,0.0,6.67
158600,0.56972975,0.03355316523941266,0.538792,0.609408,2.7175000000000002,3.625855071565878,0.0,7.66
158700,0.5465572500000001,0.01857138864624831,0.5309,0.568617,2.2875,3.094719965791197,0.0,6.55
158800,0.55105825,0.019476668441582416,0.529436,0.571866,2.545,3.470028818324136,0.0,7.35
158900,0.55391625,0.016791701608731217,0.539472,0.573094,2.5825,3.526248006025668,0.0,7.47
159000,0.55210075,0.020735610261496222,0.53157,0.576586,2.3274999999999997,3.1384430853529905,0.0,6.64
159100,0.5590964999999999,0.023316820502232573,0.537917,0.592081,2.3975,3.1324152023638248,0.0,6.59
159200,0.5662400000000001,0.026357643951360022,0.539,0.598548,2.8649999999999998,3.836739066794439,0.0,8.11
159300,0.54342125,0.022733357170686436,0.52379,0.568677,2.44,3.220279490975899,0.0,6.79
159400,0.55378025,0.026849922239179765,0.515428,0.576218,2.495,3.3401546870367143,0.0,7.06
159500,0.5647625000000001,0.019746091503552443,0.537587,0.581657,2.83,3.8616231475033054,0.0,8.18
159600,0.547632,0.02165323167566452,0.519859,0.572767,2.5,3.4130045414561057,0.0,7.23
159700,0.55122225,0.013198413777799223,0.534338,0.566307,2.5225,3.3655348757664063,0.0,7.11
159800,0.56121975,0.01725101035446911,0.546656,0.585539,2.7375,3.7561538395899956,0.0,7.96
159900,0.546571,0.009774137745431384,0.537301,0.555022,2.2875,3.094719965791197,0.0,6.55
160000,0.5490889999999999,0.02323676614046514,0.522188,0.568997,2.4525,3.2751323128488514,0.0,6.92
160100,0.5600367500000001,0.01896894847507369,0.540284,0.580246,2.6275,3.583270154481797,0.0,7.59
160200,0.5407219999999999,0.020811690961252172,0.522093,0.566807,2.3175,3.171628130787088,0.0,6.72
160300,0.553914,0.021345764248050098,0.530416,0.574871,2.495,3.3994264222071346,0.0,7.2
160400,0.5588565,0.017994182420993737,0.538861,0.579079,2.715,3.7101078151449998,0.0,7.86
160500,0.54063325,0.022065695568385488,0.523464,0.572968,2.3825000000000003,3.292297829783934,0.0,6.98
160600,0.54813325,0.019691801396774275,0.526519,0.566152,2.39,3.2576678774853645,0.0,6.9
160700,0.5576722500000001,0.024375601878039166,0.53136,0.579227,2.6075,3.5550281292839303,0.0,7.53
160800,0.5415492500000001,0.02447395210388653,0.516768,0.570552,2.2725,3.200889199373616,0.0,6.79
160900,0.5517672499999999,0.011779589958200309,0.537814,0.566308,2.3375,3.195500743232584,0.0,6.77
161000,0.56157525,0.02691443168481675,0.525376,0.58977,2.6725,3.693213370494589,0.0,7.83
161100,0.5463582499999999,0.02345537910409181,0.526597,0.57317,2.2525,3.018071956288208,0.0,6.38
161200,0.5452405,0.03349176250463187,0.504127,0.578517,2.42,3.2161363984342044,0.0,6.79
161300,0.55756575,0.024668287068960935,0.529317,0.581208,2.475,3.324419748868465,0.0,7.03
161400,0.5450342499999999,0.021264354075541548,0.518709,0.563275,2.2375,3.028425058232964,0.0,6.41
161500,0.55695575,0.029734265434287522,0.520841,0.592293,2.39,3.1228512612674972,0.0,6.57
161600,0.56855175,0.018901275977651167,0.547228,0.593114,2.555,3.310755200856747,0.0,6.95
161700,0.5502819999999999,0.018713348194982833,0.524033,0.567447,2.3425,3.1202176740306653,0.0,6.59
161800,0.5510755,0.01721313665973365,0.53462,0.571093,2.4375,3.3544038218437566,0.0,7.11
161900,0.55879575,0.01976140155918432,0.535717,0.578699,2.5225,3.4285310265476667,0.0,7.26
162000,0.54669375,0.01803028687837955,0.52666,0.562589,2.185,2.9364434270048525,0.0,6.21
162100,0.5570744999999999,0.02033123812429204,0.53594,0.581722,2.41,3.3435609759655947,0.0,7.09
162200,0.570439,0.028174506739249237,0.542893,0.599196,2.5375,3.3928196238527035,0.0,7.17
162300,0.55783975,0.019024105574682502,0.538517,0.581893,2.2425,3.0081264933509693,0.0,6.36
162400,0.5599195,0.032097235483241636,0.524046,0.592946,2.4675000000000002,3.302437231298525,0.0,6.98
162500,0.560511,0.024988869869070403,0.534542,0.589052,2.55,3.351278363052921,0.0,7.06
162600,0.55116125,0.03165528101675924,0.512831,0.589953,2.2575,3.0025808343268077,0.0,6.34
162700,0.56531975,0.03204527461134745,0.524816,0.601825,2.34,3.1116233705254244,0.0,6.57
162800,0.564517,0.02888695259109205,0.533228,0.59575,2.52,3.428235697848093,0.0,7.26
162900,0.5468635000000001,0.0165579964669642,0.529432,0.563699,2.1475,2.980395667245095,0.0,6.32
163000,0.548692,0.027793506231972024,0.511886,0.573091,2.335,3.1025634562406617,0.0,6.55
163100,0.57162425,0.024577220379516745,0.547756,0.601368,2.7,3.7086924919707216,0.0,7.86
163200,0.5626757499999999,0.024561709541140102,0.535875,0.595235,2.325,3.117140783902239,0.0,6.59
163300,0.5604049999999999,0.015871796348659897,0.541839,0.578452,2.3325,3.1732357302917156,0.0,6.72
163400,0.57606225,0.016189792759122443,0.554438,0.591664,2.6925,3.7531975256661707,0.0,7.96
163500,0.5483785,0.01381619061101869,0.532364,0.56354,2.345,3.253936078044558,0.0,6.9
163600,0.55858275,0.01589866244636113,0.539455,0.577628,2.6275,3.6140040121726487,0.0,7.66
163700,0.5634604999999999,0.02555788703446874,0.531155,0.591579,2.8725,4.12088481599118,0.0,8.74
163800,0.5516705,0.020997627064345454,0.530709,0.578239,2.3049999999999997,3.135490392267213,0.0,6.64
163900,0.55956325,0.02071511849471299,0.542226,0.587352,2.395,3.2453505203598576,0.0,6.87
164000,0.5635025,0.020718711776234234,0.539951,0.589568,2.525,3.4813933992009582,0.0,7.38
164100,0.5549325,0.021618667142078826,0.52685,0.57956,2.2350000000000003,3.0453078662099173,0.0,6.45
164200,0.55168075,0.014577904819166113,0.533594,0.569164,2.3425000000000002,3.2402507619009984,0.0,6.87
164300,0.55539175,0.020486164263961205,0.528191,0.577852,2.5425,3.3693953463492528,0.0,7.11
164400,0.54236975,0.017876745348356912,0.51645,0.557442,2.3475,3.113105362817006,0.0,6.57
164500,0.54937575,0.01367331716336605,0.530867,0.561482,2.4050000000000002,3.1458067327793673,0.0,6.62
164600,0.55843225,0.015678885129902117,0.538444,0.570966,2.5949999999999998,3.3931843451247974,0.0,7.14
164700,0.540647,0.010645852181327088,0.526355,0.551814,2.2800000000000002,3.072501695144637,0.0,6.5
164800,0.55256375,0.0149389558397946,0.53515,0.567846,2.5025,3.4132718907230353,0.0,7.23
164900,0.5670612500000001,0.018660356237667795,0.546832,0.591713,2.7199999999999998,3.7413812066312264,0.0,7.93
165000,0.5463520000000001,0.022146390556175642,0.517951,0.565615,2.3,3.17011040817193,0.0,6.72
165100,0.546157,0.022585788481550392,0.512508,0.560474,2.2475,3.1217663269373643,0.0,6.62
165200,0.54624275,0.025386655922288507,0.512591,0.569859,2.9075,4.197168688532783,0.0,8.9
165300,0.544302,0.016460529942866377,0.52021,0.557109,2.6075,3.748629749655199,0.0,7.95
165400,0.5566,0.015595511170419109,0.538895,0.574837,2.8249999999999997,4.148963726040515,0.0,8.79
165500,0.5676540000000001,0.01502805753693182,0.554405,0.588593,3.05,4.322800018506523,0.0,9.17
165600,0.5493399999999999,0.01007717639023948,0.538465,0.560641,2.5,3.512121865767189,0.0,7.45
165700,0.547599,0.018921245994912673,0.52119,0.565931,2.7075,3.8851630167428843,0.0,8.24
165800,0.56095325,0.03851164457126357,0.517423,0.608796,2.8525,3.947635368166619,0.0,8.37
165900,0.55113525,0.021518085050719536,0.534195,0.582676,2.5825,3.491822589995087,0.0,7.39
166000,0.5522272500000001,0.01416414535308546,0.540421,0.57212,2.62,3.591257904040496,0.0,7.61
166100,0.56177875,0.03343225808880799,0.530222,0.608487,2.7975000000000003,3.7592585705162658,0.0,7.95
166200,0.54181575,0.01654455331068203,0.522876,0.557018,2.4875,3.4747985553122356,0.0,7.37
166300,0.55435275,0.016808044966126545,0.532271,0.568834,2.7,3.8516576517996333,0.0,8.17
166400,0.5639005,0.025410040672930834,0.525939,0.579774,2.9450000000000003,4.268618043348456,0.0,9.05
166500,0.5517682500000001,0.02059360975925945,0.525445,0.571254,2.5475000000000003,3.668672557388208,0.0,7.78
166600,0.5504125,0.025652346669781823,0.517597,0.575722,2.7249999999999996,3.823336239464167,0.0,8.11
166700,0.5674349999999999,0.03540525688839626,0.530275,0.614744,2.915,3.9535680087738463,0.0,8.37
166800,0.5436037499999999,0.03399826889097936,0.505918,0.587269,2.4875,3.4295128419840233,0.0,7.27
166900,0.5505015,0.028865645861473447,0.520559,0.580892,2.6925,3.7623695990691823,0.0,7.98
167000,0.5563819999999999,0.024988240287516575,0.531492,0.587969,2.9625,4.1258080016727225,0.0,8.75
167100,0.5434172500000001,0.023026910624672752,0.515027,0.563254,2.5125,3.4850669529675704,0.0,7.39
167200,0.5602955000000001,0.01830221648689943,0.535299,0.5761,2.7525000000000004,3.838032264932991,0.0,8.14
167300,0.5623750000000001,0.027118018511683325,0.530869,0.589093,2.9699999999999998,4.063717509867043,0.0,8.61
167400,0.55015325,0.02038451053087448,0.527074,0.567663,2.715,3.8994059376611028,0.0,8.27
167500,0.54436175,0.017014001613866955,0.520214,0.558245,2.6775,3.761970893029344,0.0,7.98
167600,0.56400525,0.006747219099994677,0.557177,0.571607,2.7425,3.7966509364614147,0.0,8.05
167700,0.5480032499999999,0.005201876288097074,0.54384,0.555526,2.48,3.4289843005375995,0.0,7.27
167800,0.54789825,0.013658039790418944,0.53484,0.561411,2.8025,4.007412922738725,0.0,8.5
167900,0.55881825,0.017094904238300578,0.543686,0.58174,3.0475000000000003,4.3039313423891885,0.0,9.13
168000,0.54908075,0.014323638303517714,0.530742,0.564081,2.625,3.668073972354793,0.0,7.78
168100,0.54814775,0.017052903298754352,0.522929,0.558826,2.665,3.6837345181215215,0.0,7.81
168200,0.55848925,0.009413040117305337,0.546837,0.569344,2.9375,4.157790879782196,0.0,8.82
168300,0.5417909999999999,0.01301145769440666,0.527534,0.553601,2.61,3.6816934509362214,0.0,7.81
168400,0.546698,0.014896023876636792,0.525216,0.558937,2.6375,3.7100617694768014,0.0,7.87
168500,0.5597135000000001,0.023284476409545167,0.531926,0.587571,2.9274999999999998,4.060421776121293,0.0,8.61
168600,0.54467125,0.016452706856826527,0.521053,0.558167,2.545,3.523109422087256,0.0,7.47
168700,0.5486895,0.01983430512185053,0.527193,0.575171,2.68,3.671620895462929,0.0,7.78
168800,0.557856,0.030461145995075996,0.524686,0.598504,2.815,3.816713245712861,0.0,8.08
168900,0.54923825,0.01820257751665955,0.532244,0.57145,2.5475000000000003,3.550468278973916,0.0,7.53
169000,0.550088,0.02061378108612458,0.529422,0.577508,2.59,3.505595527153696,0.0,7.42
169100,0.55914625,0.019922285250024242,0.545117,0.588684,2.74,3.630206605690646,0.0,7.66
169200,0.54641275,0.02188855259985609,0.528147,0.578026,2.45,3.3910765252350177,0.0,7.19
169300,0.55335825,0.01799299208719885,0.533934,0.577042,2.6225,3.627031614603509,0.0,7.69
169400,0.5609005,0.016900036656764997,0.541808,0.582754,2.7,3.686742012491065,0.0,7.81
169500,0.547476,0.012910442982330203,0.528236,0.555654,2.5175,3.47638102054421,0.0,7.37
169600,0.541597,0.013538768998694082,0.526129,0.554314,2.665,3.5839410337411155,0.0,7.58
169700,0.544065,0.012206258422082764,0.526804,0.555575,2.8724999999999996,3.949104328832045,0.0,8.37
169800,0.5331385,0.015803641152173344,0.51274,0.549485,2.5925000000000002,3.62557007011771,0.0,7.69
169900,0.5450079999999999,0.012456347939905984,0.526327,0.551577,2.8150000000000004,3.9928310758157552,0.0,8.47
170000,0.55491075,0.006909090310356803,0.545127,0.56124,2.8975,4.073085439810955,0.0,8.64
170100,0.54243175,0.01578522489281251,0.526015,0.557417,2.655,3.6967508256124955,0.0,7.84
170200,0.544636,0.016452506029984205,0.52367,0.558202,2.7475,3.796975770267701,0.0,8.05
170300,0.56131,0.021455089497210984,0.537303,0.588177,3.0725,4.360545646284801,0.0,9.25
170400,0.54336775,0.014830051390672951,0.526211,0.559984,2.5549999999999997,3.639427610673598,0.0,7.72
170500,0.544632,0.016650883359950193,0.524364,0.564458,2.625,3.6819243157168056,0.0,7.81
170600,0.55321775,0.02119611785799466,0.524864,0.574607,3.2224999999999997,4.649819888984948,0.0,9.86
170700,0.543085,0.018086170315096215,0.521269,0.565343,2.5525,3.559825604342625,0.0,7.55
170800,0.5456577499999999,0.014830041231118255,0.525434,0.561134,2.6425,3.6962717703112684,0.0,7.84
170900,0.559151,0.02696451840227572,0.529436,0.591923,3.1350000000000002,4.307826211288783,0.0,9.13
171000,0.54125,0.02137344338191673,0.517539,0.564824,2.6025,3.6259470027382736,0.0,7.69
171100,0.54882525,0.016919966161806167,0.531877,0.571047,2.6375,3.7959133727382843,0.0,8.05
171200,0.55221425,0.01353081225388924,0.533799,0.566174,2.765,3.9126589424584406,0.0,8.3
171300,0.543726,0.01107520765794784,0.533564,0.559501,2.495,3.461459229862458,0.0,7.34
171400,0.5547187499999999,0.011053866031846065,0.539805,0.564376,2.8175,3.9928133356486044,0.0,8.47
171500,0.56806025,0.022945323203578238,0.535173,0.583828,3.0200000000000005,4.304176266526888,0.0,9.13
171600,0.55405525,0.024666975593223166,0.521253,0.574378,2.5575,3.5600409641837922,0.0,7.55
171700,0.5552932500000001,0.02444069947682893,0.519456,0.571341,2.735,3.8236152177400555,0.0,8.11
171800,0.56353,0.024642884287355636,0.527108,0.581351,3.0,4.1595192029848835,0.0,8.82
171900,0.544629,0.010130918385483764,0.530128,0.551915,2.44,3.3814493933814833,0.0,7.17
172000,0.560991,0.019316083471207765,0.532857,0.576542,2.765,3.9126589424584406,0.0,8.3
172100,0.56535625,0.022333823786281345,0.535961,0.587715,3.0250000000000004,4.304079460233048,0.0,9.13
172200,0.553273,0.01782765879188854,0.533898,0.576435,2.45,3.3294143629172983,0.0,7.05
172300,0.5570485,0.018201943898019966,0.533048,0.571614,2.6725000000000003,3.7948682454072107,0.0,8.05
172400,0.5679605,0.01942540402840228,0.544634,0.588041,2.8775,3.9628304278633983,0.0,8.4
172500,0.5469945,0.015288358632196828,0.526875,0.560671,2.395,3.3337116451986866,0.0,7.07
172600,0.5579645,0.019319495119352006,0.537315,0.577853,2.6275,3.6959200478365335,0.0,7.84
172700,0.56195625,0.015579046063543198,0.551743,0.584976,2.7199999999999998,3.7237346844263755,0.0,7.89
172800,0.54235775,0.010124746758149913,0.533945,0.555919,2.475,3.4513910239206456,0.0,7.32
172900,0.55252725,0.014912908488397995,0.535396,0.565021,2.8175,4.007063554940617,0.0,8.5
173000,0.5568040000000001,0.013944860080569737,0.537036,0.569678,2.805,3.8861248907705823,0.0,8.24
173100,0.5463862500000001,0.018242787549695706,0.528346,0.571409,2.505,3.431000825803845,0.0,7.27
173200,0.5553184999999999,0.016348545552025917,0.538448,0.5766,2.5575,3.467202282340427,0.0,7.34
173300,0.5593315,0.023374266569598828,0.535417,0.581191,3.08,4.2680909081227405,0.0,9.05
173400,0.5524990000000001,0.02208400677715288,0.523331,0.572478,2.735,3.809860014926183,0.0,8.08
173500,0.554449,0.014918770123572515,0.532497,0.565665,2.6375,3.6549908800615816,0.0,7.75
173600,0.5482195000000001,0.008749134528626256,0.535594,0.555498,2.8499999999999996,3.7971392740676064,0.0,8.02
173700,0.5389094999999999,0.00979794429119362,0.529763,0.548542,2.4475000000000002,3.3377774541352117,0.0,7.07
173800,0.5566730000000001,0.019453733848972702,0.538958,0.574787,2.7175,3.8231956528537743,0.0,8.11
173900,0.5600935,0.02781765226734037,0.534668,0.589515,2.8475,3.8896047357025885,0.0,8.24
174000,0.54102575,0.015257987927093607,0.524022,0.556999,2.415,3.282158842388142,0.0,6.95
174100,0.541356,0.02115324558233715,0.509889,0.555587,2.6075,3.5637375043625195,0.0,7.55
174200,0.5501145,0.023979861863655475,0.527054,0.577745,2.97,4.076910595046205,0.0,8.64
174300,0.544763,0.020976439593029136,0.519754,0.562447,2.5225,3.5358202725817383,0.0,7.5
174400,0.55334875,0.021406449065254445,0.523659,0.572807,2.7125000000000004,3.9141569973622676,0.0,8.3
174500,0.559894,0.028066954222596627,0.520022,0.580929,3.1750000000000003,4.540165195232438,0.0,9.63
174600,0.5472279999999999,0.018801272616501243,0.522747,0.565803,2.5300000000000002,3.5732524866476107,0.0,7.58
174700,0.557156,0.020305373623748006,0.527056,0.571567,2.6425,3.7476959588525856,0.0,7.95
174800,0.5671504999999999,0.02533584815368661,0.545451,0.599614,3.04,4.266466141121166,0.0,9.05
174900,0.55339275,0.022008207444420953,0.529155,0.579067,2.61,3.6399816849356075,0.0,7.72
175000,0.556482,0.02672784141427563,0.526798,0.590276,2.7225,3.737168045459021,0.0,7.92
175100,0.5632659999999999,0.010090844860565404,0.553184,0.5761,2.9175,4.092076693644275,0.0,8.68
175200,0.5515825,0.012213954819522354,0.537951,0.565896,2.6125,3.667727498056528,0.0,7.78
175300,0.54397775,0.012235968218739386,0.52569,0.551295,2.7224999999999997,3.8655777920857655,0.0,8.2
175400,0.5682075000000001,0.021962133449796424,0.547914,0.590008,2.9925,4.228501507626549,0.0,8.97
175500,0.5469152500000001,0.021747381441988213,0.523232,0.574493,2.5625,3.653622631489647,0.0,7.75
175600,0.5648795,0.02020893402268743,0.54075,0.588868,2.76,3.92694113358816,0.0,8.33
175700,0.57051325,0.020874639164546037,0.544566,0.591451,2.865,3.993665818100792,0.0,8.47
175800,0.5540495000000001,0.019136146155029926,0.528221,0.573428,2.4975,3.4981554663374617,0.0,7.42
175900,0.5510217500000001,0.018651460592940143,0.523325,0.562591,2.63,3.7622865387952578,0.0,7.98
176000,0.5655605,0.024241767007927992,0.541618,0.593888,2.745,3.752479180488547,0.0,7.95
176100,0.5492710000000001,0.015463018786769908,0.53647,0.571672,2.51,3.4402616179587273,0.0,7.29
176200,0.5481432500000001,0.008942776130300152,0.540394,0.56058,2.6399999999999997,3.71943544103134,0.0,7.89
176300,0.557982,0.01786662253104002,0.541511,0.57799,2.7775,3.8259671979775254,0.0,8.11
176400,0.5480865,0.01950328369788021,0.521474,0.568334,2.3975,3.3112573140727073,0.0,7.02
176500,0.55001275,0.007997413764253173,0.538769,0.556905,2.6675,3.761837981625471,0.0,7.98
176600,0.564782,0.013113784732105362,0.552714,0.580511,2.9875000000000003,4.228501507626549,0.0,8.97
176700,0.54602925,0.015811942372249282,0.535193,0.569525,2.5125,3.4850669529675704,0.0,7.39
176800,0.5560590000000001,0.01767127710910186,0.543107,0.581007,2.6550000000000002,3.710494127022258,0.0,7.87
176900,0.562387,0.018223121265761973,0.54908,0.589324,2.8550000000000004,3.993298552992668,0.0,8.47
177000,0.549542,0.014825163225633162,0.528464,0.563233,2.5125,3.4986985675628968,0.0,7.42
177100,0.55166675,0.02279408697264859,0.525874,0.575675,2.7824999999999998,3.9456843512881257,0.0,8.37
177200,0.5567412500000001,0.025169928517644474,0.525105,0.582438,2.7975,3.9270207112602127,0.0,8.33
177300,0.5443022500000001,0.014543504767306474,0.522738,0.554206,2.46,3.4836857875914506,0.0,7.39
177400,0.5481257500000001,0.025373408145471246,0.516673,0.576099,2.57,3.4902053425741775,0.0,7.39
177500,0.558573,0.020178411351408854,0.541348,0.586692,2.67,3.618489555970373,0.0,7.66
177600,0.544269,0.020746256320920513,0.527314,0.573917,2.375,3.23,0.0,6.84
177700,0.5523215,0.02002450752619564,0.532248,0.575287,3.4025,3.944890154786738,0.0,7.24
177800,0.5713465,0.013616742084654436,0.556131,0.587907,3.665,4.305450034549234,0.0,8.3
177900,0.550932,0.021331917572814062,0.521312,0.567071,3.255,3.853279988096721,0.0,7.55
178000,0.56434975,0.020767440259133185,0.534026,0.58093,3.3075,3.904624395081641,0.0,7.61
178100,0.5710385,0.011010440424130807,0.556585,0.581883,3.8425000000000002,4.582840276509754,0.0,9.09
178200,0.55116225,0.010497688709901793,0.539304,0.564873,3.2824999999999998,3.9058620474017425,0.0,7.72
178300,0.54776875,0.010756892902537753,0.535422,0.561674,3.3425000000000002,4.017282456254891,0.0,8.05
178400,0.5629824999999999,0.019133349253768087,0.535426,0.579725,3.6775,4.382057165304898,0.0,8.68
178500,0.55125025,0.02634029659887426,0.521947,0.585729,3.2375,3.8308778367366405,0.0,7.5
178600,0.54752175,0.02383203747584333,0.517697,0.568481,3.39,4.106466445335535,0.0,8.3
178700,0.55731075,0.019054310315079207,0.532874,0.579221,3.59,4.297929734185984,0.0,8.57
178800,0.545437,0.026871742742144593,0.517064,0.575858,3.14,3.7494977441429853,0.0,7.45
178900,0.55072875,0.02674623436891007,0.520818,0.583159,3.3575,3.989957184398516,0.0,7.87
179000,0.556397,0.02386533893885998,0.529709,0.582479,3.6975,4.433902532382356,0.0,8.86
179100,0.5449489999999999,0.015469721695406592,0.530422,0.564742,3.1875,3.8272302865997845,0.0,7.66
179200,0.5460905,0.017092383966745735,0.524334,0.565595,3.3724999999999996,4.030974861411732,0.0,8.02
179300,0.5606055,0.015839162109573028,0.540176,0.577832,3.45,4.031757267825863,0.0,7.66
179400,0.55313925,0.023090772635766605,0.525188,0.576069,3.1775,3.765123946609638,0.0,7.39
179500,0.54881625,0.024972809258271278,0.524893,0.583693,3.4074999999999998,4.1245070412515155,0.0,8.33
179600,0.5483132500000001,0.014204316277690601,0.533464,0.566033,3.43,4.064824719468233,0.0,7.98
179700,0.542383,0.0190125983495155,0.515429,0.560141,3.3175,3.9783445049417225,0.0,7.95
179800,0.54805225,0.02117248608257109,0.516491,0.5611,3.4375,4.107703129487329,0.0,8.17
179900,0.55547275,0.021020207553288654,0.53382,0.581927,3.38,4.108016553033837,0.0,8.33
180000,0.5460470000000001,0.025603791685347446,0.515352,0.575204,3.1100000000000003,3.695862551556808,0.0,7.29
180100,0.55586875,0.028435921477068405,0.531073,0.593944,3.5075,4.112642094809613,0.0,7.89
180200,0.5659164999999999,0.018619899758054597,0.548097,0.590362,3.7325,4.500024999930556,0.0,9.05
180300,0.54929575,0.020899584674900423,0.527271,0.576854,3.125,3.680883046226815,0.0,7.14
180400,0.54550225,0.02311437623897011,0.511151,0.560644,3.12,3.723018488628101,0.0,7.39
180500,0.5533622499999999,0.026896013587828733,0.520427,0.584902,3.4725,4.067246201875006,0.0,7.78
180600,0.54308225,0.014629075919209682,0.532153,0.564659,3.0300000000000002,3.553345841128705,0.0,6.82
180700,0.5559332499999999,0.014740164073600646,0.538318,0.573778,3.395,3.9978035636250735,0.0,7.75
180800,0.5609925,0.0063069794407994515,0.554634,0.567335,3.3925,4.000678067528053,0.0,7.78
180900,0.5465052499999999,0.010120980169100891,0.537816,0.56053,3.0700000000000003,3.643322659331726,0.0,7.17
181000,0.547426,0.01724173891075569,0.531442,0.571171,3.385,3.989724301251905,0.0,7.75
181100,0.55758475,0.014942064858981146,0.548064,0.579826,3.7025,4.44612471709915,0.0,8.9
181200,0.54804125,0.018552203847072565,0.530982,0.574342,3.135,3.70561285979346,0.0,7.24
181300,0.5574335000000001,0.020329254364093153,0.531772,0.581281,3.3775,4.034454733913865,0.0,8.02
181400,0.55560675,0.019600331296094606,0.534833,0.579162,3.6224999999999996,4.328836448746938,0.0,8.61
181500,0.5478529999999999,0.012929673958250723,0.537506,0.565169,3.02,3.5588106627542486,0.0,6.91
181600,0.55743975,0.009645427323348624,0.545356,0.56851,3.2424999999999997,3.8347392349415363,0.0,7.5
181700,0.5710657499999999,0.013225281203689628,0.558778,0.586239,3.6525,4.328936551471581,0.0,8.5
181800,0.554453,0.014215573455427913,0.536183,0.567927,3.1475,3.72058575137482,0.0,7.27
181900,0.55552875,0.015865394277588346,0.535208,0.572932,3.355,4.004135362347283,0.0,7.95
182000,0.5605655,0.01693072560957347,0.54254,0.582369,3.5175,4.160660003733382,0.0,8.14
182100,0.553249,0.019423653226586065,0.532293,0.579262,3.04,3.5985274766215136,0.0,7.05
182200,0.5570205,0.03068238591874284,0.525037,0.584898,3.505,4.203343906938855,0.0,8.4
182300,0.5628125,0.027996907132753098,0.535346,0.59191,3.6624999999999996,4.395,0.0,8.79
182400,0.5407902499999999,0.013255549488799034,0.524504,0.555999,3.0125,3.57779610933882,0.0,7.05
182500,0.5559532500000001,0.009058879341103221,0.546057,0.563964,3.27,3.8756246808310353,0.0,7.61
182600,0.56635375,0.013739007154206326,0.551424,0.581649,3.5575,4.220255718950374,0.0,8.3
182700,0.549804,0.014159780153660593,0.536584,0.567364,3.0549999999999997,3.6322307195441206,0.0,7.17
182800,0.5521400000000001,0.01447718971347687,0.537293,0.566767,3.225,3.7726074095599538,0.0,7.19
182900,0.5611155,0.011261641221420635,0.54643,0.572119,3.4925,4.141588865801788,0.0,8.14
183000,0.5510785,0.017309131665106694,0.531031,0.570062,3.185,3.8145379798869485,0.0,7.61
183100,0.5523049999999999,0.01835294957220773,0.533851,0.570859,3.285,3.9018670744486754,0.0,7.69
183200,0.5646052500000001,0.015412442341065471,0.547639,0.581327,3.7824999999999998,4.486248432710788,0.0,8.82
183300,0.54552125,0.019045935285951877,0.519786,0.565267,3.1449999999999996,3.6801222805771006,0.0,7.02
183400,0.56128775,0.013319885068948574,0.545954,0.576591,3.335,3.9144220518487782,0.0,7.53
183500,0.5559835,0.02117665723542471,0.526927,0.577163,3.7,4.404247949423375,0.0,8.71
183600,0.5451645,0.01765581804958356,0.528559,0.569505,3.25,3.9604292696625705,0.0,8.05
183700,0.5538727499999999,0.01226926510635417,0.547356,0.572267,3.4450000000000003,4.24644557247588,0.0,8.71
183800,0.56846825,0.01586993613461209,0.555476,0.591583,3.665,4.479914433706669,0.0,9.13
183900,0.5480004999999999,0.010364439155111064,0.538438,0.557147,3.0774999999999997,3.719411915881327,0.0,7.5
184000,0.54946575,0.0062708929919643,0.543045,0.55635,3.1825,3.7959484980700147,0.0,7.53
184100,0.5554315,0.01507953404452536,0.540817,0.57292,3.6125,4.4870879569419335,0.0,9.25
184200,0.54367325,0.016581700181726448,0.531502,0.567026,3.07,3.7505377392226484,0.0,7.64
184300,0.5496345,0.007018951892317429,0.540802,0.557367,3.2675,3.9139696387853258,0.0,7.81
184400,0.56357125,0.013304001061710707,0.54973,0.581203,3.6525,4.364411949697996,0.0,8.68
184500,0.55177375,0.01610248217667076,0.533578,0.572591,3.24,3.847527344498888,0.0,7.58
184600,0.5574655,0.01702759103142114,0.540102,0.579569,3.5575,4.197192514050314,0.0,8.17
184700,0.56958675,0.008186447392896772,0.562467,0.579182,3.6475,4.346472707840232,0.0,8.61
184800,0.54806675,0.010870774163630966,0.532725,0.558299,3.0725,3.654781115196914,0.0,7.22
184900,0.56076975,0.012967767537886633,0.541385,0.568338,3.2725,3.863395527253196,0.0,7.53
185000,0.56361275,0.014733543234741622,0.541901,0.574083,3.42,4.037631318813874,0.0,7.87
185100,0.5456320000000001,0.015631387718305773,0.523242,0.558771,3.0324999999999998,3.587398082175994,0.0,7.02
185200,0.5551465,0.01750910925775493,0.531715,0.573527,3.2800000000000002,3.859611379400781,0.0,7.47
185300,0.56084275,0.019017267230511,0.542536,0.584258,3.6425,4.308645378770455,0.0,8.43
185400,0.54193625,0.02542919845866162,0.508309,0.563251,3.2350000000000003,3.9064433952125817,0.0,7.87
185500,0.5533165,0.018819853391210735,0.533841,0.575302,3.5625,4.213156971519892,0.0,8.24
185600,0.55683975,0.019085699364969528,0.541042,0.580795,3.6774999999999998,4.355244922313018,0.0,8.54
185700,0.5401532499999999,0.017124031425163857,0.518899,0.555124,3.2800000000000002,3.928969330498776,0.0,7.84
185800,0.55013925,0.01157514614378583,0.538279,0.561349,3.4400000000000004,4.103234496508009,0.0,8.14
185900,0.5659529999999999,0.013995125222733789,0.547042,0.580449,3.88,4.660021459178059,0.0,9.33
186000,0.549028,0.012803838304716798,0.53372,0.562371,3.2750000000000004,3.9127270967105963,0.0,7.78
186100,0.54338675,0.014061734562871905,0.529663,0.555846,3.4699999999999998,4.1026982990872405,0.0,8.02
186200,0.5551065,0.009562208339778671,0.541147,0.562858,3.5649999999999995,4.333901244837034,0.0,8.79
186300,0.5372385,0.008561968212196677,0.528564,0.549056,3.175,3.7906595732141395,0.0,7.53
186400,0.5435500000000001,0.012665244542974052,0.526755,0.557405,3.335,3.9618219714335137,0.0,7.81
186500,0.55032125,0.021600527437619088,0.530608,0.581061,3.495,4.106494855713325,0.0,7.92
186600,0.54310425,0.011736714854819186,0.532339,0.555991,3.285,3.981025830946927,0.0,8.05
186700,0.5467282499999999,0.01654792092429336,0.53001,0.568896,3.4575000000000005,4.115761371443523,0.0,8.14
186800,0.558054,0.01590167597037071,0.540402,0.578,3.8275,4.502779697031602,0.0,8.71
186900,0.543652,0.024552180853575276,0.516794,0.565447,3.3575,4.012134718575637,0.0,7.98
187000,0.5444895,0.019452699015817837,0.525183,0.571422,3.29,3.9990915635095594,0.0,8.11
187100,0.55892,0.01749888765988664,0.537862,0.57427,3.5549999999999997,4.180665816190845,0.0,8.08
187200,0.5441545,0.018857971373754216,0.519699,0.559706,3.0675,3.665436536075888,0.0,7.29
187300,0.544962,0.017824199187247276,0.52828,0.561618,3.4075,4.047990242083101,0.0,7.98
187400,0.55622525,0.010397044880637927,0.547486,0.568966,3.6849999999999996,4.342199903274836,0.0,8.43
187500,0.543887,0.01851208999545971,0.526352,0.563824,3.2475,3.933576616770036,0.0,7.95
187600,0.553752,0.01885682208998466,0.536159,0.571817,3.4924999999999997,4.188343944806825,0.0,8.37
187700,0.55951075,0.011496948417587447,0.542471,0.567399,3.455,4.120004045305458,0.0,8.17
187800,0.5409732500000001,0.01586505962537383,0.518552,0.553632,2.9125,3.436426195919243,0.0,6.69
187900,0.55385825,0.022347310820693102,0.534445,0.574887,3.1925,3.7913355166748297,0.0,7.47
188000,0.56417525,0.014130484430832512,0.54391,0.574384,3.3075,3.958512978379634,0.0,7.89
188100,0.5491505,0.013837890506383769,0.530922,0.561182,2.9975,3.607403267356359,0.0,7.24
188200,0.558109,0.016183192536291094,0.538449,0.577069,3.5575,4.197192514050314,0.0,8.17
188300,0.56753725,0.010261405341537442,0.55592,0.580907,3.63,4.23258786087188,0.0,7.98
188400,0.55328975,0.011430327244513452,0.536477,0.561873,3.31,3.896759337363976,0.0,7.55
188500,0.5466235,0.01653440277119193,0.529691,0.566611,3.4250000000000003,4.074412023020418,0.0,8.05
188600,0.56001,0.017364339722546324,0.54238,0.57766,3.6475,4.307322254022794,0.0,8.4
188700,0.54949375,0.017129760795663983,0.53465,0.567019,3.1799999999999997,3.7581200974245976,0.0,7.34
188800,0.5522195,0.02279824678200791,0.528639,0.574404,3.3375,3.9335342462811567,0.0,7.64
188900,0.5653822500000001,0.01743488475012096,0.547617,0.58209,3.5375,4.181454093175403,0.0,8.17
189000,0.5438537499999999,0.01479305319792592,0.52773,0.55726,3.045,3.566225829454252,0.0,6.82
189100,0.55102175,0.021727065170350727,0.524203,0.576215,3.4074999999999998,4.008020084780015,0.0,7.75
189200,0.5590235,0.015243083185497634,0.540715,0.578017,3.5025000000000004,4.12194432276808,0.0,7.98
189300,0.54947475,0.018985461777809496,0.534216,0.574351,3.3049999999999997,4.0079961743162045,0.0,8.11
189400,0.5405305,0.02137458006605046,0.517195,0.561679,3.2925,3.882639780699037,0.0,7.55
189500,0.5517155,0.018773662233742945,0.532157,0.57465,3.6925,4.4153623860335625,0.0,8.79
189600,0.5412525,0.019682349766563273,0.520846,0.566555,3.035,3.6323867268413665,0.0,7.24
189700,0.5457145,0.020409964176026058,0.523123,0.56962,3.1925,3.7766067220897295,0.0,7.39
189800,0.5616435,0.018239129081912508,0.543207,0.581708,3.6174999999999997,4.271739497363262,0.0,8.33
189900,0.551758,0.022222156796014816,0.519801,0.568105,2.9775,3.5328022399600387,0.0,6.95
190000,0.5444907499999999,0.009672239257276475,0.530345,0.550739,3.2075,3.7988890920022045,0.0,7.45
190100,0.558697,0.019038839407905104,0.537072,0.583179,3.3175,3.955050568576842,0.0,7.84
190200,0.54383825,0.019441121116077643,0.524397,0.566157,3.0300000000000002,3.6910161202574017,0.0,7.5
190300,0.55630025,0.019435852273140288,0.539154,0.576268,3.4800000000000004,4.203244778342878,0.0,8.47
190400,0.56356975,0.008826030869913511,0.552313,0.572612,3.4225000000000003,4.112828507649369,0.0,8.24
190500,0.5486305,0.00641457556403125,0.541559,0.555919,3.0925000000000002,3.735963731087335,0.0,7.53
190600,0.55204675,0.020329590803801246,0.536183,0.580256,3.42,4.125077777044533,0.0,8.3
190700,0.56139275,0.02465037731117583,0.539815,0.596127,3.5075000000000003,4.13733710656182,0.0,8.05
190800,0.550387,0.01804774240729291,0.531719,0.575024,3.0650000000000004,3.6214223724939902,0.0,7.07
190900,0.557683,0.02368904336045111,0.523518,0.578222,3.4975,4.134588855013277,0.0,8.08
191000,0.5595939999999999,0.026562857552103303,0.524225,0.588533,3.5225,4.122833774642549,0.0,7.87
191100,0.5426745,0.021173326781590094,0.519331,0.570697,3.0825,3.6386112277442706,0.0,7.09
191200,0.54429375,0.015113819446122839,0.522897,0.555517,3.3775,3.9577466231851344,0.0,7.58
191300,0.55120825,0.0103860513630863,0.536794,0.561276,3.7,4.4700559280617504,0.0,9.01
191400,0.544427,0.013284608111143766,0.527774,0.558099,3.2075,3.830068537245776,0.0,7.61
191500,0.55337775,0.020782909603405713,0.526891,0.573518,3.2375,3.7719170634219057,0.0,7.09
191600,0.5532177500000001,0.009306224955193487,0.542444,0.564059,3.69,4.405231738134404,0.0,8.75
191700,0.55109125,0.00935235429807206,0.541705,0.563883,3.0925000000000002,3.660358588990975,0.0,7.17
191800,0.5553585,0.02227876687940037,0.525843,0.579795,3.4925,4.141588865801788,0.0,8.14
191900,0.5617084999999999,0.020292868739206542,0.534985,0.583334,3.7,4.453582827342498,0.0,8.94
192000,0.54613375,0.016273075705491757,0.529571,0.567649,3.1375,3.765,0.0,7.53
192100,0.5495835,0.019256150627786423,0.525826,0.56911,3.4175,4.13066883204161,0.0,8.33
192200,0.55531325,0.021482641153188473,0.530561,0.580193,3.605,4.33227807663974,0.0,8.68
192300,0.5474485,0.019781471507448592,0.520392,0.567693,3.0625,3.628391516912143,0.0,7.12
192400,0.5539795,0.016083414490296072,0.533475,0.570379,3.37,3.967896167996335,0.0,7.69
192500,0.55897425,0.006332596433007025,0.550192,0.564149,3.4175000000000004,4.0074628299378325,0.0,7.69
192600,0.55567575,0.014397228098375958,0.536271,0.568747,3.0575,3.624604576134248,0.0,7.12
192700,0.56240075,0.019926350918235518,0.541622,0.57987,3.4325,4.149629501533842,0.0,8.37
192800,0.5512705,0.011970417160650674,0.542281,0.568068,3.525,4.223399104986409,0.0,8.43
192900,0.546603,0.01651897662286214,0.532304,0.569533,3.11,3.716010405439324,0.0,7.39
193000,0.553795,0.021266477689860473,0.535902,0.581916,3.3425000000000002,3.9510199105209955,0.0,7.72
193100,0.5624005,0.01639766338029089,0.545991,0.585116,3.5575,4.150280111028652,0.0,7.84
193200,0.5452159999999999,0.01441119719754978,0.526404,0.55751,3.055,3.580367765095275,0.0,6.86
193300,0.55558175,0.023492964058415427,0.520942,0.573016,3.3125,3.92254487970926,0.0,7.69
193400,0.55475675,0.01707955236288899,0.533778,0.574295,3.575,4.266430983073948,0.0,8.47
193500,0.54534025,0.01933582589176545,0.52969,0.571941,3.2225,3.784445137665494,0.0,7.29
193600,0.550421,0.01823432439110371,0.524966,0.567258,3.4225000000000003,4.025024844643819,0.0,7.78
193700,0.55325175,0.02622336604855806,0.517857,0.580536,3.4575,4.080836311345997,0.0,7.95
193800,0.54434,0.021430676253134582,0.513899,0.561195,2.9349999999999996,3.4978136028096176,0.0,6.93
193900,0.5537175,0.024543349601606246,0.52888,0.581382,3.3875,4.041479720762351,0.0,8.02
194000,0.56724575,0.03131954933025059,0.529168,0.596303,3.565,4.203177369562222,0.0,8.17
194100,0.5462605,0.027100624722196622,0.511659,0.571481,3.06,3.6359042891693396,0.0,7.17
194200,0.5487040000000001,0.020676741764601103,0.531018,0.576495,3.2824999999999998,3.8906072790761086,0.0,7.64
194300,0.5599495,0.023953419164425494,0.536932,0.588479,3.74,4.504819641228714,0.0,9.05
194400,0.5431392500000001,0.020153707026665513,0.516569,0.565093,3.2975000000000003,3.905657221689243,0.0,7.66
194500,0.55343975,0.023945537139865258,0.521579,0.578882,3.365,3.936102132821251,0.0,7.5
194600,0.55829925,0.02174356892470353,0.529333,0.581053,3.4525,4.050114195920901,0.0,7.78
194700,0.5487497499999999,0.030033512641436583,0.51209,0.58493,3.1375,3.6991023685934046,0.0,7.19
194800,0.5554005,0.014234377576838389,0.540745,0.574831,4.0625,5.227391797062853,0.0,10.95
194900,0.562524,0.012922468726988646,0.547776,0.575771,4.615,6.105677685564478,0.0,12.88
195000,0.54626625,0.008096087095010777,0.539541,0.557779,3.7075000000000005,4.676475702919882,0.0,9.72
195100,0.547575,0.017705386054343276,0.534275,0.573674,3.8425000000000002,4.6936295479440355,0.0,9.56
195200,0.565078,0.01515746115504392,0.550683,0.585814,4.1875,5.21576696181875,0.0,10.77
195300,0.5473014999999999,0.025458832867985146,0.52596,0.582712,3.6525,4.470327169234931,0.0,9.12
195400,0.5468124999999999,0.022127097874175296,0.525122,0.571715,3.2125,3.79739713488068,0.0,7.42
195500,0.55417,0.014372276878305182,0.540035,0.572757,3.5650000000000004,4.174601777415422,0.0,7.98
195600,0.53870825,0.011729066895964046,0.524853,0.551522,3.1625,3.750096665420773,0.0,7.37
195700,0.53842525,0.015668965810905756,0.517088,0.551675,3.3275,3.9289131236683423,0.0,7.66
195800,0.555245,0.017729920586398593,0.529504,0.569764,3.73,4.489120181059981,0.0,9.01
195900,0.5490725000000001,0.01566346776206766,0.530436,0.566986,3.135,3.733706826555436,0.0,7.39
196000,0.5455985,0.01786055149391157,0.523245,0.566495,3.1775,3.7614923899962895,0.0,7.37
196100,0.55561725,0.013839398695391338,0.536661,0.569381,3.5,4.1472561210194545,0.0,8.14
196200,0.53966825,0.02088918853338571,0.508818,0.555001,3.1174999999999997,3.697642266814535,0.0,7.27
196300,0.5433607500000001,0.014144770019928466,0.525138,0.559625,3.3499999999999996,3.9033831479884213,0.0,7.34
196400,0.5584115000000001,0.0053245036388380905,0.554911,0.566215,3.7975,4.504977802387044,0.0,8.86
196500,0.5435745000000001,0.018738724832104616,0.517898,0.562369,3.0225,3.585251037235747,0.0,7.05
196600,0.5470379999999999,0.01604799351944033,0.53136,0.565236,3.23,3.8061967018709546,0.0,7.39
196700,0.55613075,0.019943362644833294,0.537603,0.581764,3.5225,4.138456838001335,0.0,7.98
196800,0.5499285,0.016475345307458686,0.528384,0.568524,3.0725,3.605249644615474,0.0,6.93
196900,0.5650915000000001,0.01073340550182777,0.554746,0.580128,3.415,3.986882658585945,0.0,7.55
197000,0.55959925,0.024582029145631294,0.525578,0.580572,3.6175,4.2298020048224485,0.0,8.05
197100,0.54373875,0.023234202337287145,0.516314,0.57269,3.1399999999999997,3.6598087381719826,0.0,6.89
197200,0.54523075,0.015699583144678328,0.528303,0.565679,3.2325,3.805008760392894,0.0,7.37
197300,0.55221375,0.022124013972378516,0.529679,0.582515,3.515,4.148328980846786,0.0,8.08
197400,0.54063175,0.017010496413979236,0.529173,0.565374,2.93,3.480402275599762,0.0,6.86
197500,0.5548362499999999,0.010006894169354803,0.547624,0.569621,3.1100000000000003,3.695862551556808,0.0,7.29
197600,0.56375,0.01651212681637347,0.539663,0.576923,3.3449999999999998,3.9808248726446966,0.0,7.87
197700,0.54643725,0.01321411597181843,0.533118,0.563396,3.0075000000000003,3.58804844820505,0.0,7.12
197800,0.554629,0.016761063271761707,0.534251,0.574877,3.105,3.688328438014525,0.0,7.27
197900,0.555466,0.011656240760496787,0.545361,0.566009,3.2375,3.7647343863810625,0.0,7.02
198000,0.53329575,0.014749378865452833,0.516787,0.546288,2.98,3.4804597397470354,0.0,6.6
198100,0.5384672500000001,0.015928365335149745,0.520344,0.555204,3.005,3.5502535120748773,0.0,6.93
198200,0.5480287500000001,0.01914420126957505,0.524302,0.56997,3.42,4.076796127680002,0.0,8.08
198300,0.53665775,0.016112648186543812,0.515953,0.551988,3.0149999999999997,3.551530186647252,0.0,6.89
198400,0.54507225,0.02026412630528804,0.519578,0.567978,3.2625,3.8255315534794203,0.0,7.34
198500,0.5531507499999999,0.023861016678185933,0.525832,0.578912,3.6399999999999997,4.319537012227121,0.0,8.5
198600,0.5420189999999999,0.02860892564684431,0.512037,0.577753,3.2225,3.777215685307543,0.0,7.24
198700,0.55264475,0.0214931023567252,0.533908,0.582566,3.5275,4.109236547097282,0.0,7.72
198800,0.55828,0.016169141906730838,0.535818,0.570139,3.7575,4.475610759065924,0.0,8.86
198900,0.5472755,0.01853971395859892,0.520674,0.563783,3.1574999999999998,3.720092964788201,0.0,7.22
199000,0.55212625,0.017917956493882507,0.527745,0.570511,3.2525,3.890804329869768,0.0,7.75
199100,0.5645725,0.0077581982659205686,0.554475,0.573044,3.5825000000000005,4.271739497363262,0.0,8.47
199200,0.547558,0.015421558978693886,0.528083,0.560361,3.1174999999999997,3.6563950825915956,0.0,7.02
199300,0.545501,0.01885233034225038,0.521296,0.566853,3.4225000000000003,3.9972688592754593,0.0,7.58
199400,0.56045725,0.029624071095141525,0.525517,0.596657,3.6950000000000003,4.291048822840402,0.0,7.95
199500,0.5527117500000001,0.02079785503964291,0.533845,0.576528,3.1624999999999996,3.66977179126986,0.0,6.77
199600,0.54411975,0.015160637198020396,0.528512,0.564638,3.24,3.796428145858508,0.0,7.27
199700,0.56221375,0.011962944659099072,0.545383,0.571812,3.5125,4.162237979741187,0.0,8.17
199800,0.5450287500000001,0.012378896891484305,0.528856,0.558175,3.0324999999999998,3.600253463299494,0.0,7.09
199900,0.5481167499999999,0.013398789034212487,0.533382,0.565908,3.2175000000000002,3.825165573758431,0.0,7.55
200000,0.5538185,0.009633951992822031,0.543996,0.565221,3.3625,4.003401678572861,0.0,7.92
200100,0.53958275,0.016596229900693312,0.519405,0.556979,3.2025,3.795087833854003,0.0,7.45
200200,0.5400425,0.018897129102944,0.517216,0.557064,3.315,3.9355516343540287,0.0,7.75
200300,0.55541275,0.027797458053750182,0.516106,0.575251,3.7675,4.475067038604004,0.0,8.82
200400,0.5384875,0.02236366565808623,0.508862,0.562993,3.1500000000000004,3.7174005254568234,0.0,7.24
200500,0.5484015,0.01846359276161242,0.521619,0.563606,3.325,3.9185754214169894,0.0,7.61
200600,0.55662225,0.010511945724587201,0.541059,0.56371,3.3575,3.999803120154791,0.0,7.92
200700,0.5449205,0.020753103711654005,0.522919,0.567521,3.1100000000000003,3.7118459019738412,0.0,7.37
200800,0.5449265,0.028046172365107765,0.509037,0.569782,3.3725,3.9534573476894876,0.0,7.58
200900,0.55482125,0.024662067247428112,0.52322,0.577604,3.46,4.056500955256882,0.0,7.78
201000,0.543791,0.0254694170460705,0.509163,0.569401,3.1075,3.642191419095561,0.0,6.98
201100,0.5504895,0.024207863054525616,0.517274,0.575295,3.21,3.7902594458251357,0.0,7.39
201200,0.5585979999999999,0.017858503427405845,0.531972,0.568921,3.4225000000000003,4.05364342289748,0.0,7.95
201300,0.5432870000000001,0.006930265459081147,0.533845,0.54921,2.965,3.4824177425078306,0.0,6.71
201400,0.5485887500000001,0.005484249834754067,0.543402,0.555741,3.36,3.9861092140916896,0.0,7.84
201500,0.56211575,0.00937003928753766,0.551096,0.570738,3.615,4.282160669568577,0.0,8.4
201600,0.5435455,0.011256347468576736,0.533129,0.558671,3.0275,3.5799941806284172,0.0,7.0
201700,0.55658475,0.017202414198303668,0.542588,0.581502,3.3674999999999997,4.027516811469154,0.0,8.02
201800,0.5583685,0.019612452685305162,0.529628,0.573675,3.4174999999999995,4.10055585662887,0.0,8.2
201900,0.55442375,0.023650168123081072,0.519838,0.572737,3.16,3.7390907985765742,0.0,7.32
202000,0.5480832499999999,0.01587392537832613,0.526197,0.564172,3.4225000000000003,4.133782569673124,0.0,8.33
202100,0.5605979999999999,0.018161996531218694,0.534018,0.57509,3.4775,4.136200954176831,0.0,8.17
202200,0.5463782500000001,0.00955728160008555,0.539565,0.560103,3.025,3.6322307195441206,0.0,7.27
202300,0.54809125,0.018330690773945196,0.523335,0.567552,3.0250000000000004,3.5628499828087064,0.0,6.91
202400,0.54443,0.020883757436502316,0.516727,0.567191,3.3575,3.9786628825942683,0.0,7.81
202500,0.54160225,0.02132186509001185,0.513247,0.55899,3.0949999999999998,3.634478412830833,0.0,7.0
202600,0.55387575,0.016175098400009778,0.530054,0.564444,3.3075,3.9242950534671404,0.0,7.72
202700,0.55671125,0.019534578937105335,0.528166,0.570964,3.5975,4.216415341653777,0.0,8.08
202800,0.5437645,0.023390285112983727,0.514712,0.568069,3.17,3.7256140433490965,0.0,7.19
202900,0.5580795000000001,0.00747831266619239,0.547627,0.565358,3.4450000000000003,4.065870140572618,0.0,7.92
203000,0.56094725,0.014009438517775523,0.544305,0.575332,3.5175,4.160660003733382,0.0,8.14
203100,0.5479335000000001,0.003333347716635637,0.544906,0.55152,3.015,3.55479488390915,0.0,6.91
203200,0.5585155,0.010664388168104149,0.548029,0.57319,3.1675,3.709100295219853,0.0,7.09
203300,0.5678235,0.012064274795168316,0.551075,0.577901,3.4749999999999996,4.077854828215442,0.0,7.84
203400,0.55028125,0.018764310208034103,0.524123,0.568305,2.9975,3.5048193010957545,0.0,6.67
203500,0.55443675,0.00981616868148327,0.542246,0.563908,3.2325,3.7706884870891506,0.0,7.12
203600,0.5648375,0.010797274115874498,0.552321,0.578568,3.655,4.406098047025281,0.0,8.86
203700,0.55172025,0.01745211565732555,0.528021,0.56855,3.1675,3.7282111438776284,0.0,7.22
203800,0.5513635,0.01589860338730002,0.528326,0.564598,3.175,3.722485728649607,0.0,7.14
203900,0.5625415,0.015125349505603722,0.542604,0.575056,3.4425,4.111191027751771,0.0,8.17
204000,0.54805125,0.015917886613806474,0.533353,0.56695,3.105,3.6921944694178825,0.0,7.29
204100,0.55667925,0.0224689528664926,0.534909,0.583757,3.3225,3.930227940802755,0.0,7.69
204200,0.554102,0.017371993111519067,0.538982,0.57195,3.4725,4.146768822428695,0.0,8.24
204300,0.5464255,0.018925160633400207,0.527589,0.566427,3.2199999999999998,3.8450661025960704,0.0,7.64
204400,0.5529197499999999,0.02727307318430887,0.522677,0.588912,3.385,3.9683791821514904,0.0,7.61
204500,0.5609980000000001,0.019806584982441214,0.531472,0.572837,3.44,4.035186901908427,0.0,7.75
204600,0.5492125,0.016930787902516547,0.528825,0.57003,3.0374999999999996,3.576202594932228,0.0,6.93
204700,0.55760575,0.02724619354913024,0.526834,0.592816,3.2625,3.800529568362809,0.0,7.14
204800,0.56227925,0.026835561721653352,0.52883,0.594496,3.5075,4.101799401888559,0.0,7.81
204900,0.5427059999999999,0.022148189768014897,0.513833,0.567684,3.0625,3.596835414638818,0.0,6.93
205000,0.55774475,0.02088882023754974,0.540905,0.587709,3.2925,3.8451820503065908,0.0,7.29
205100,0.5642605,0.02155966744486877,0.543665,0.594006,3.5625,4.1962711621946776,0.0,8.14
205200,0.5496545,0.024829928144613444,0.524204,0.581948,3.1574999999999998,3.676070138975407,0.0,6.89
205300,0.5568919999999999,0.022997249458721482,0.53834,0.588132,3.4275,4.024635594270203,0.0,7.75
205400,0.56766825,0.01697575782059034,0.546098,0.586187,3.7025,4.3414772831376185,0.0,8.33
205500,0.550453,0.02284579482822461,0.521547,0.575459,3.0925000000000002,3.6400858506359435,0.0,7.05
205600,0.5555475,0.024676058430524637,0.528657,0.584391,3.31,3.896759337363976,0.0,7.55
205700,0.5565635,0.0248087966858532,0.526138,0.580138,3.6899999999999995,4.364844403488704,0.0,8.54
205800,0.5447807499999999,0.02252843195275696,0.51782,0.567754,3.23,3.840156246821215,0.0,7.58
205900,0.5521119999999999,0.024304112272068964,0.521915,0.572601,3.495,4.162735478824792,0.0,8.24
206000,0.56840825,0.01791905563685394,0.545661,0.588074,3.5075,4.112642094809613,0.0,7.89
206100,0.55118825,0.010934186949654739,0.537684,0.561987,3.045,3.609621402123312,0.0,7.09
206200,0.54888,0.02039584210895282,0.522578,0.570811,3.3200000000000003,3.96297026652148,0.0,7.87
206300,0.56615475,0.019392492883845532,0.541363,0.582732,3.6425,4.363961312080269,0.0,8.71
206400,0.5541495000000001,0.013555917711464605,0.536051,0.568779,3.1799999999999997,3.772567649051063,0.0,7.42
206500,0.54378675,0.0077072231218513546,0.534366,0.553231,3.245,3.7967134910779525,0.0,7.24
206600,0.5582912499999999,0.010174495937555511,0.543044,0.563766,3.4775,4.1017587691135615,0.0,7.98
206700,0.545528,0.012604501180134009,0.529472,0.557274,3.035,3.6021151193893477,0.0,7.09
206800,0.555142,0.015721814187088363,0.536309,0.568863,3.435,4.158473277538284,0.0,8.4
206900,0.56928,0.011208053800727435,0.560124,0.583307,3.695,4.381358236894125,0.0,8.61
207000,0.5455602500000001,0.015047734544331453,0.52959,0.56336,3.13,3.6849423333344036,0.0,7.14
207100,0.5521705,0.017079998467993678,0.53534,0.573418,3.3525,3.9321357640176497,0.0,7.55
207200,0.56345775,0.010313979877654745,0.549541,0.571836,3.4299999999999997,4.0141250603338205,0.0,7.66
207300,0.548351,0.006889019814168058,0.54284,0.557415,3.0075000000000003,3.561023963225559,0.0,6.98
207400,0.553137,0.01193239115461215,0.544272,0.569946,3.245,3.9127526542490947,0.0,7.87
207500,0.55841825,0.009604174591464542,0.545181,0.567558,3.2824999999999998,3.924252582764434,0.0,7.81
207600,0.5422267500000001,0.025218826808226718,0.510473,0.571813,2.9475,3.454575468370414,0.0,6.62
207700,0.5518445,0.012859401269110499,0.53472,0.563142,3.0,3.546350236510771,0.0,6.93
207800,0.5571115,0.0304389340647796,0.514792,0.586269,3.5225,4.138456838001335,0.0,7.98
207900,0.539316,0.014515251725914616,0.522596,0.557338,2.9875,3.5212249289132327,0.0,6.84
208000,0.55125925,0.0165478319702814,0.531941,0.572389,3.2800000000000002,3.8644016354411197,0.0,7.5
208100,0.5474515,0.029793410104697098,0.51079,0.582746,3.475,4.128546959887946,0.0,8.14
208200,0.54236775,0.018461410516263373,0.51786,0.561677,3.0700000000000003,3.6471267229606013,0.0,7.19
208300,0.5511665,0.021169592698018536,0.525491,0.570688,3.365,3.9738184826855556,0.0,7.75
208400,0.5632159999999999,0.016820218547926178,0.546118,0.584614,3.6500000000000004,4.3543541426944135,0.0,8.64
208500,0.5485125,0.014799585433382927,0.535325,0.561609,3.19,3.8921973228499094,0.0,7.92
208600,0.54481275,0.020722949474354945,0.525393,0.571733,3.3200000000000003,3.9392808142265423,0.0,7.75
208700,0.553621,0.016958125623625597,0.533137,0.568686,3.2475,3.853114541077992,0.0,7.58
208800,0.54956225,0.013883449076148174,0.531827,0.562957,2.975,3.4967842369811724,0.0,6.75
208900,0.5550155,0.01826621934062985,0.531407,0.575749,3.26,3.853595723476971,0.0,7.53
209000,0.5551305,0.013508173192552732,0.542325,0.573978,3.5025,4.105544015921235,0.0,7.87
209100,0.54407425,0.014784606755563956,0.526384,0.560139,3.1174999999999997,3.7383452221537805,0.0,7.47
209200,0.54739225,0.0111623122865889,0.535926,0.558623,3.2575000000000003,3.8818584466721604,0.0,7.69
209300,0.54393275,0.014434980415065798,0.529776,0.558633,3.5324999999999998,4.260057706964387,0.0,8.57
209400,0.53908,0.015701404926523846,0.515739,0.549058,2.9475,3.4898459851403185,0.0,6.84
209500,0.546668,0.009346324090250668,0.532763,0.552273,3.2175000000000002,3.825165573758431,0.0,7.55
209600,0.55263975,0.014623747385103933,0.530924,0.562799,3.6375,4.331269059602124,0.0,8.57
209700,0.5412735,0.015418612680782916,0.519781,0.554455,3.125,3.670027247855253,0.0,7.07
209800,0.55549125,0.02392135761720055,0.520244,0.571739,3.38,4.0425157183780165,0.0,8.05
209900,0.5631587499999999,0.023419777715640282,0.530017,0.581627,3.7375,4.461392719768122,0.0,8.86
210000,0.5442765,0.02437216747986661,0.519656,0.566466,3.11,3.6827706960928204,0.0,7.22
210100,0.555626,0.015417920828265633,0.542756,0.575868,3.29,3.8857174369735126,0.0,7.58
210200,0.56016975,0.010460869861058424,0.545461,0.570034,3.4625000000000004,4.0429393185321665,0.0,7.66
210300,0.548243,0.023600712489244915,0.514597,0.569824,3.0999999999999996,3.6288565692239754,0.0,6.93
210400,0.5531077499999999,0.013867039683484477,0.536252,0.569803,3.1425,3.6588921365170997,0.0,6.86
210500,0.556638,0.010562847185615528,0.546988,0.565838,3.5075000000000003,4.0763004060054255,0.0,7.58
210600,0.55169225,0.018228730790979367,0.531302,0.574345,3.1625,3.6930960362998055,0.0,7.0
210700,0.5533835,0.014356837569604252,0.532103,0.562545,3.4074999999999998,4.027831302326352,0.0,7.87
210800,0.5540345,0.01219300374531777,0.538908,0.568563,3.5300000000000002,4.140362302987506,0.0,7.95
210900,0.5394094999999999,0.020183740361984445,0.51359,0.560901,2.9975,3.510103274833947,0.0,6.71
211000,0.554803,0.02168338474500693,0.526134,0.574753,3.2525,3.842528464435885,0.0,7.5
211100,0.564893,0.01952319473515202,0.53996,0.583296,3.655,4.406098047025281,0.0,8.86
211200,0.5450945,0.02089900216916269,0.51912,0.562888,2.9975,3.5479606818565506,0.0,6.95
211300,0.54904725,0.018255798227321263,0.531026,0.571623,3.135,3.681381081424017,0.0,7.09
211400,0.5612055,0.018505571782574053,0.541593,0.577604,3.5975,4.274672502075451,0.0,8.43
211500,0.5416734999999999,0.019869595407724473,0.51541,0.561927,3.055,3.580367765095275,0.0,6.86
211600,0.5523205,0.02016945032303392,0.531276,0.575456,3.3125,3.9749999999999996,0.0,7.95
211700,0.5640802500000001,0.021839941855462904,0.536358,0.586114,3.515,4.127699116941544,0.0,7.95
211800,0.5429955,0.0187178503306336,0.525668,0.567416,3.09,3.630298426667795,0.0,7.0
211900,0.55118125,0.02645059091179877,0.528594,0.583131,3.3325,3.9885116271611896,0.0,7.95
212000,0.5646964999999999,0.01498237169698665,0.550287,0.577676,3.465,4.104213282307179,0.0,8.05
212100,0.5470945,0.017313494977425355,0.531656,0.568175,3.0175,3.56871942485443,0.0,6.98
212200,0.551603,0.02455974580487343,0.529665,0.575379,3.33,3.9178395406992705,0.0,7.58
212300,0.5605902500000001,0.020680418683302032,0.541427,0.584203,3.465,4.056669405641365,0.0,7.75
212400,0.5463745,0.02468324956321598,0.512168,0.567208,3.1925,3.7679470537681388,0.0,7.34
212500,0.5520895,0.02003887828697005,0.522104,0.563537,3.1375,3.695838876358113,0.0,7.17
212600,0.55819875,0.021453092525709806,0.527595,0.576963,3.3200000000000003,3.9145625553821466,0.0,7.61
212700,0.5460907500000001,0.016071076968164465,0.52507,0.563829,3.095,3.5970404501478717,0.0,6.69
212800,0.5462355,0.014192176260179408,0.526896,0.559224,3.1325000000000003,3.666545831342264,0.0,7.0
212900,0.56120075,0.014667281874407885,0.544557,0.57916,3.4625000000000004,4.071923173800475,0.0,7.87
213000,0.538285,0.01043652825416576,0.53046,0.552972,2.945,3.5235351566289212,0.0,7.02
213100,0.54998925,0.01774349605489289,0.523711,0.561643,3.295,3.939251197880125,0.0,7.84
213200,0.5617725,0.013377210135151505,0.546417,0.575767,3.39,4.014332655207671,0.0,7.87
213300,0.5431355,0.01494252581281582,0.529345,0.560666,2.9325,3.4624016231511905,0.0,6.75
213400,0.547943,0.011266706913143099,0.540644,0.56458,3.0774999999999997,3.627950523367153,0.0,7.05
213500,0.55923975,0.015513450666545255,0.549185,0.582071,3.2325,3.763007440864288,0.0,7.05
213600,0.5471280000000001,0.012611832882918592,0.536794,0.565446,2.8449999999999998,3.3387572538296344,0.0,6.42
213700,0.558331,0.011879752719087495,0.548706,0.575458,3.2175000000000002,3.821311947486099,0.0,7.53
213800,0.5668065000000001,0.014350860938169058,0.548177,0.583044,3.5125,4.092068547812952,0.0,7.69
213900,0.5542545,0.012439432931877053,0.543225,0.568289,3.0675,3.6233812477666034,0.0,7.07
214000,0.5598065,0.015154308463272065,0.544077,0.573765,3.2750000000000004,3.8945132344534836,0.0,7.69
214100,0.5677572500000001,0.018859621229406178,0.545333,0.587142,3.7249999999999996,4.438231629827357,0.0,8.79
214200,0.54621325,0.018637374982813436,0.523926,0.565875,3.4425,4.139552109427622,0.0,8.3
214300,0.54738475,0.010978760141746407,0.535537,0.560078,3.2649999999999997,3.852388869260215,0.0,7.5
214400,0.55897925,0.0156353163996341,0.53979,0.573883,3.5125,4.162237979741187,0.0,8.17
214500,0.5426785,0.018370510871139833,0.516072,0.55792,3.14,3.7095192860171697,0.0,7.24
214600,0.561348,0.018320746218426772,0.53985,0.583931,3.1849999999999996,3.7310722319461997,0.0,7.14
214700,0.5642425,0.015265869480642087,0.547618,0.577735,3.46,4.100414613182428,0.0,8.05
214800,0.552459,0.015581825374454702,0.543253,0.575628,2.875,3.3818486069012614,0.0,6.54
214900,0.5538022499999999,0.01956195237998157,0.524613,0.566347,3.0275,3.592746164147977,0.0,7.07
215000,0.55749125,0.00784547943616791,0.547002,0.565312,3.2800000000000002,3.883237480934347,0.0,7.61
215100,0.553763,0.01335387801352098,0.535298,0.567097,2.9924999999999997,3.5189333137566936,0.0,6.8
215200,0.55396325,0.008022780747139174,0.542863,0.559868,3.0549999999999997,3.561465054346783,0.0,6.71
215300,0.560437,0.011111800664158787,0.545127,0.570576,3.39,4.014332655207671,0.0,7.87
215400,0.5467675,0.024598300544278806,0.522555,0.578743,3.025,3.587129771837088,0.0,7.05
215500,0.555864,0.027685895157402184,0.529087,0.594513,3.1675000000000004,3.6952345437513614,0.0,6.98
215600,0.5651904999999999,0.022376976329849953,0.547691,0.595582,3.5875,4.1748083788360875,0.0,7.81
215700,0.549985,0.014838384952547856,0.53307,0.563634,3.135,3.7021570289044554,0.0,7.22
215800,0.55499175,0.02456936830520202,0.535035,0.589356,3.1525,3.700516855791904,0.0,7.12
215900,0.5560845,0.021139219939881118,0.529817,0.575191,3.3125,3.939487064750097,0.0,7.78
216000,0.54388425,0.020419030312839717,0.520335,0.562,3.005,3.5665249193017003,0.0,7.02
216100,0.5485059999999999,0.006229394085034825,0.542245,0.556489,3.09,3.6148121205211576,0.0,6.89
216200,0.553024,0.01756939147115419,0.52846,0.568637,3.37,4.008840231288845,0.0,7.92
216300,0.5390095,0.013805089991255612,0.518835,0.550075,2.915,3.4452334221839505,0.0,6.73
216400,0.5535205000000001,0.012502415299986353,0.536085,0.565002,3.09,3.658442291467777,0.0,7.17
216500,0.5626059999999999,0.016380316745004248,0.543808,0.583679,3.4850000000000003,4.107760947280161,0.0,7.98
216600,0.54149025,0.015884278902424224,0.519306,0.555252,3.0225,3.5928667755243398,0.0,7.09
216700,0.55186525,0.017169438922593417,0.534362,0.574185,3.2325,3.776694983712611,0.0,7.17
216800,0.56364625,0.014109936791141172,0.550869,0.582588,3.635,4.337591497594028,0.0,8.61
216900,0.5530887499999999,0.00951118059180878,0.54563,0.565495,3.06,3.6602458933792956,0.0,7.29
217000,0.56499375,0.014430586621825203,0.555301,0.586389,3.215,3.7908706124055462,0.0,7.37
217100,0.5599642499999999,0.010867450770534904,0.548891,0.570545,3.335,3.939953468422354,0.0,7.69
217200,0.54062,0.015246323338212863,0.529801,0.563193,2.9725,3.5253120429261293,0.0,6.93
217300,0.55680475,0.014310346987989747,0.548669,0.578226,3.2824999999999998,3.937227239229828,0.0,7.87
217400,0.554165,0.014088568723140968,0.546108,0.575186,3.14,3.7968056749501065,0.0,7.66
217500,0.5530595,0.018097432865832996,0.532606,0.574533,2.9450000000000003,3.4843411620180555,0.0,6.82
217600,0.558146,0.030030876688279796,0.534626,0.600384,3.25,3.788984032692669,0.0,7.14
217700,0.568398,0.027983850235448332,0.547449,0.609264,3.5650000000000004,4.141823270010443,0.0,7.69
217800,0.546788,0.019042805465582024,0.528454,0.573466,3.035,3.5457063236164013,0.0,6.73
217900,0.5592765,0.027347862104132918,0.5388,0.599601,3.2874999999999996,3.838258068447196,0.0,7.27
218000,0.555148,0.02423687371203912,0.523278,0.582264,3.5,4.166341320631328,0.0,8.24
218100,0.54235425,0.02312649456611759,0.517816,0.573122,3.0324999999999998,3.587398082175994,0.0,7.02
218200,0.54744375,0.024206223020468643,0.527149,0.582572,3.2325,3.8270386723941003,0.0,7.5
218300,0.553841,0.014650553846186146,0.543285,0.575225,3.5324999999999998,4.182928599279059,0.0,8.2
218400,0.543544,0.005247509123384177,0.538808,0.549608,3.05,3.61341020828432,0.0,7.09
218500,0.54512275,0.019627268113095463,0.516725,0.561165,3.2,3.778968113122946,0.0,7.37
218600,0.55742925,0.010879810150763948,0.544956,0.571471,3.3975,3.968730905465877,0.0,7.53
218700,0.5456587500000001,0.0058617228056263414,0.538473,0.5527,3.005,3.5468342692228143,0.0,6.91
218800,0.54906325,0.01550595869066685,0.526416,0.561547,3.0975,3.6677911154626384,0.0,7.19
218900,0.56070525,0.019758014835757152,0.535138,0.583213,3.4675000000000002,4.111620726672148,0.0,8.08
219000,0.54511475,0.022493259025390996,0.520962,0.575281,2.96,3.450565171098787,0.0,6.5
219100,0.54231375,0.016707236842657965,0.519384,0.556058,3.12,3.723018488628101,0.0,7.39
219200,0.5564837499999999,0.011669563298741472,0.541287,0.566261,3.255,3.8235803465687326,0.0,7.37
219300,0.5524072500000001,0.008984386915644267,0.540432,0.561999,3.0675,3.676151746958586,0.0,7.34
219400,0.55177875,0.015215142421833116,0.535425,0.571665,3.2350000000000003,3.79938152861752,0.0,7.32
219500,0.557409,0.03180055830746795,0.516492,0.59372,3.6875,4.328767145504595,0.0,8.33
219600,0.5416542499999999,0.01743428521381551,0.523935,0.5635,3.1275,3.7629365748928936,0.0,7.55
219700,0.55256275,0.01681339444956512,0.536052,0.575971,3.1675,3.731410591183982,0.0,7.24
219800,0.5683750000000001,0.013005469541696714,0.557933,0.585424,3.4025,3.9756791872584487,0.0,7.55
219900,0.54333875,0.014465992681112509,0.527218,0.561343,3.0575,3.5745244438946,0.0,6.8
220000,0.5435857500000001,0.01921046455060366,0.52149,0.561123,3.31,3.889010156839398,0.0,7.5
220100,0.5532155,0.011611532729718856,0.54007,0.563599,3.495,4.045783813634468,0.0,7.34
220200,0.54871625,0.01065446627397794,0.532867,0.555588,3.14,3.6383237898790703,0.0,6.65
220300,0.5557132499999999,0.007816591771140852,0.550671,0.567373,3.09,3.627322244668465,0.0,6.98
220400,0.557618,0.008542168616145785,0.548413,0.567537,3.4325,4.08577512025972,0.0,8.08
220500,0.54694475,0.015035268679009386,0.527269,0.560231,3.0875,3.707230547637054,0.0,7.42
220600,0.5492855,0.014560150193822419,0.538745,0.570833,3.065,3.609741449651669,0.0,7.0
220700,0.56311125,0.01607058651439535,0.539097,0.57275,3.39,4.014332655207671,0.0,7.87
220800,0.5473852499999999,0.012954303464486254,0.52992,0.560735,3.02,3.5448742337822554,0.0,6.82
220900,0.550909,0.01811892220856418,0.529947,0.571375,3.415,4.018867999822835,0.0,7.78
221000,0.56207175,0.0267763284310975,0.527941,0.586416,3.67,4.355127246514542,0.0,8.57
221100,0.54999475,0.016174013465535812,0.533949,0.566346,2.9050000000000002,3.4189813297725586,0.0,6.62
221200,0.55220325,0.017834679052807962,0.532976,0.570432,3.17,3.7256140433490965,0.0,7.19
221300,0.5564802499999999,0.01727347740275054,0.533028,0.574324,3.3125,3.903616912556866,0.0,7.58
221400,0.5374620000000001,0.020194453363898354,0.51873,0.564194,2.9375,3.4630273364981305,0.0,6.73
221500,0.548322,0.013080376676533449,0.537073,0.566968,2.9699999999999998,3.4715414443730896,0.0,6.6
221600,0.5516255,0.017154744212607743,0.532382,0.568518,3.1375,3.6645543157842995,0.0,6.95
221700,0.544639,0.018515609108713308,0.525303,0.562204,2.85,3.325968530618813,0.0,6.29
221800,0.5564917500000001,0.017424916037578696,0.540496,0.576648,3.14,3.6826892347848195,0.0,7.07
221900,0.5558495,0.023149511305137007,0.534413,0.582487,3.2249999999999996,3.7941490042783856,0.0,7.34
222000,0.5403285,0.020032838116452678,0.522535,0.568942,2.7075,3.1789031127104206,0.0,6.12
222100,0.5553599999999999,0.027552224580482294,0.531547,0.59027,3.0774999999999997,3.6094909613406707,0.0,6.93
222200,0.5660259999999999,0.024219491695739625,0.545205,0.600466,3.3449999999999998,3.9081922504742095,0.0,7.42
222300,0.544016,0.014272395477517654,0.526723,0.559304,2.8499999999999996,3.36497647341949,0.0,6.56
222400,0.5516187499999999,0.026370841376730212,0.525263,0.58723,3.1799999999999997,3.788086588239503,0.0,7.5
222500,0.56953075,0.01746907853656475,0.547279,0.588584,3.6075,4.2488223858696035,0.0,8.24
222600,0.5540115,0.022980067428099504,0.530273,0.584924,3.1725,3.7134474099772388,0.0,7.09
222700,0.5564499999999999,0.017471265838513245,0.543569,0.582008,3.24,3.796428145858508,0.0,7.27
222800,0.5628040000000001,0.021418970921436294,0.542649,0.587118,3.6049999999999995,4.316792790950244,0.0,8.61
222900,0.5553887500000001,0.014177847964929916,0.53821,0.57242,3.115,3.743380824869412,0.0,7.5
223000,0.5580845000000001,0.02060172378710091,0.545669,0.588772,3.3674999999999997,3.9611225260860925,0.0,7.66
223100,0.56732525,0.02429522242986607,0.538933,0.597732,3.5825,4.292834145410233,0.0,8.57
223200,0.5457222500000001,0.021184735485328402,0.519426,0.570037,3.1,3.6885498505510266,0.0,7.29
223300,0.5555252500000001,0.015486912396708803,0.535406,0.571596,3.2925,3.978302611248504,0.0,8.02
223400,0.559787,0.01138927322820323,0.545501,0.573126,3.3975,4.118433156755936,0.0,8.33
223500,0.5430007499999999,0.021744124254228624,0.512512,0.561742,3.0375,3.645,0.0,7.29
223600,0.546678,0.008315515899008714,0.539925,0.557573,3.1925,3.8071281827645365,0.0,7.55
223700,0.557188,0.015521494494195261,0.53528,0.571454,3.3449999999999998,3.984808652871553,0.0,7.89
223800,0.5393370000000001,0.014905518150447952,0.524669,0.555122,2.935,3.44836676316968,0.0,6.65
223900,0.554451,0.017239725693873456,0.532631,0.574044,3.315,3.9008417894945016,0.0,7.55
224000,0.557209,0.017479685790463554,0.541343,0.581886,3.5175,4.134298610405398,0.0,7.98
224100,0.5397415,0.02479882054318985,0.512655,0.571397,3.1675,3.709100295219853,0.0,7.09
224200,0.5511285,0.0256639979283561,0.515517,0.57658,3.5375,4.151051071716656,0.0,7.98
224300,0.55961575,0.01959871516834713,0.534193,0.578594,3.6399999999999997,4.319537012227121,0.0,8.5
224400,0.544565,0.01194473141877484,0.526656,0.55093,3.1224999999999996,3.7014085156869676,0.0,7.27
224500,0.54917525,0.020564431305452272,0.5309,0.576135,3.2875,3.8220707738083557,0.0,7.12
224600,0.5537215,0.016951781037204714,0.528648,0.565029,3.3775,3.9577466231851344,0.0,7.58
224700,0.53708825,0.010071994518631026,0.52704,0.551071,2.8875,3.4133402506440325,0.0,6.67
224800,0.54434025,0.017591945190436813,0.521047,0.562879,3.0774999999999997,3.59733581974216,0.0,6.84
224900,0.55682725,0.020040378013317643,0.537745,0.581151,3.46,4.060812726536401,0.0,7.81
225000,0.54017575,0.01708810140370584,0.52326,0.563804,2.9924999999999997,3.5114420114818925,0.0,6.75
225100,0.5500685,0.021167442508090918,0.533391,0.580771,3.15,3.6574945887405854,0.0,6.77
225200,0.55350025,0.023344993572855535,0.532659,0.583213,3.435,4.068623845970526,0.0,7.98
225300,0.53764575,0.026634195831361892,0.512215,0.570517,2.8825000000000003,3.366089471973871,0.0,6.38
225400,0.5389407500000001,0.016500461879898978,0.518664,0.559074,3.2525,3.7731982455206348,0.0,6.95
225500,0.549254,0.017504179253347817,0.533773,0.572259,3.2775,3.8035279675585403,0.0,7.02
225600,0.54307725,0.023961397460290156,0.512614,0.563893,2.925,3.416445521298415,0.0,6.48
225700,0.5446737500000001,0.014836037911675305,0.526508,0.562523,3.0999999999999996,3.641647978594307,0.0,7.02
225800,0.5585724999999999,0.011219987448002471,0.544173,0.570989,3.5025,4.105544015921235,0.0,7.87
225900,0.5472680000000001,0.012762012563332896,0.535301,0.562088,3.04,3.5591759345856073,0.0,6.8
226000,0.5569045,0.00951209911989286,0.543721,0.564998,3.1925,3.74451932829836,0.0,7.19
226100,0.56084875,0.011006064370003772,0.544988,0.568594,3.5300000000000002,4.129398664858279,0.0,7.87
226200,0.54390475,0.008596348270244405,0.531573,0.550892,3.0225,3.50495244855999,0.0,6.44
226300,0.5520065000000001,0.009777511015931776,0.540331,0.561405,3.1675000000000004,3.6952345437513614,0.0,6.98
226400,0.56366675,0.020777281300738082,0.533509,0.580424,3.5549999999999997,4.180665816190845,0.0,8.08
226500,0.55132275,0.01759079011632697,0.527902,0.565728,3.115,3.658674623412145,0.0,7.05
226600,0.5526964999999999,0.015081835487322707,0.530813,0.56534,3.24,3.8241426054302248,0.0,7.45
226700,0.56306275,0.01111969676969654,0.549107,0.575183,3.59,4.168756809089891,0.0,7.72
226800,0.5458102499999999,0.010715307286774377,0.533201,0.5591,3.05,3.59438450920321,0.0,6.98
226900,0.555915,0.017382540569970396,0.53056,0.568335,3.4625,4.067352742673462,0.0,7.84
227000,0.5627737500000001,0.023357912740297106,0.537863,0.589595,3.7575,4.37468760789461,0.0,8.2
227100,0.5514415,0.027280679347601776,0.514024,0.578265,3.2199999999999998,3.7656075207063204,0.0,7.17
227200,0.55253925,0.011930725498336913,0.535844,0.563137,3.4399999999999995,4.115790730021794,0.0,8.2
227300,0.55717775,0.025181409907244438,0.523025,0.582879,3.45,4.104396017280334,0.0,8.11
227400,0.54550125,0.02200614711658239,0.520539,0.573516,3.0300000000000002,3.5562339630569864,0.0,6.84
227500,0.5464795,0.005620205245362488,0.540749,0.552185,3.1025,3.680782299095307,0.0,7.24
227600,0.554761,0.022187601688029874,0.522668,0.573163,3.4299999999999997,4.040643513105307,0.0,7.84
227700,0.5400320000000001,0.0133675449004919,0.525068,0.557269,3.0300000000000002,3.5317512181163986,0.0,6.65
227800,0.5514105,0.009838639624799068,0.542689,0.565074,3.1550000000000002,3.656268589696331,0.0,6.69
227900,0.555043,0.01612955260797191,0.538253,0.569297,3.45,4.0108103919282945,0.0,7.47
228000,0.5503865,0.02171237567993581,0.526982,0.570829,3.3575,3.900533083225078,0.0,7.24
228100,0.558323,0.019550240731680716,0.538735,0.575586,3.4524999999999997,4.0160957408906475,0.0,7.5
228200,0.5601675,0.02302226617139737,0.534813,0.582953,3.5149999999999997,4.080919014143751,0.0,7.55
228300,0.54568675,0.012872634135379361,0.530655,0.556637,2.9075,3.4009153179695613,0.0,6.48
228400,0.54866875,0.018609282815752675,0.523291,0.563521,3.1399999999999997,3.6598087381719826,0.0,6.89
228500,0.55962725,0.022978531681767677,0.537824,0.591882,3.4125,3.9610888654510137,0.0,7.32
228600,0.5456125000000001,0.01995068114960824,0.529818,0.573146,3.045,3.568991454178617,0.0,6.84
228700,0.5542210000000001,0.017669487957116006,0.53367,0.574177,3.295,3.8813786210572143,0.0,7.53
228800,0.55557925,0.016109018310147483,0.534451,0.570987,3.445,4.035257116962933,0.0,7.72
228900,0.53945975,0.01761369017506932,0.516574,0.559326,3.0625,3.57896051016679,0.0,6.8
229000,0.548719,0.017488882201749385,0.53161,0.56498,3.31,3.896759337363976,0.0,7.55
229100,0.55505575,0.010038484592639813,0.545495,0.564573,3.5025,4.117283691950313,0.0,7.95
229200,0.54270725,0.01153584721278273,0.526709,0.554239,3.0149999999999997,3.537734680083664,0.0,6.8
229300,0.5503152499999999,0.010760499566315104,0.535499,0.561027,3.2525,3.82454681411188,0.0,7.39
229400,0.5575472499999999,0.018105177664137998,0.535094,0.579428,3.45,4.031757267825863,0.0,7.66
229500,0.54101725,0.014286396148667663,0.522965,0.554206,2.9699999999999998,3.510764399196657,0.0,6.86
229600,0.5485765,0.009726921044194786,0.53529,0.558588,3.17,3.746838667463546,0.0,7.32
229700,0.5727260000000001,0.018661322729110065,0.546884,0.588732,3.6025,4.249724500874537,0.0,8.27
229800,0.54368125,0.016786526906520372,0.525171,0.563738,2.9275,3.448452551507705,0.0,6.69
229900,0.5573645,0.00803979728185565,0.546877,0.564951,3.2375,3.812264200358277,0.0,7.39
230000,0.5616435,0.02238639352374564,0.534354,0.587887,3.5575,4.214707384069899,0.0,8.27
230100,0.5406835,0.017053582644124966,0.523654,0.558624,2.9125,3.42986272805973,0.0,6.65
230200,0.5583177500000001,0.013313533524826,0.544826,0.576174,3.165,3.7214737224205505,0.0,7.19
230300,0.5603279999999999,0.013266977977921967,0.548068,0.577545,3.2325,3.7706884870891506,0.0,7.12
230400,0.53819125,0.02027850682167369,0.50897,0.555895,2.9125,3.419097103037584,0.0,6.58
230500,0.5532442499999999,0.017276485201471556,0.533421,0.572383,3.1799999999999997,3.726768036784688,0.0,7.14
230600,0.5533520000000001,0.017955176468082954,0.538833,0.579573,3.2225,3.7815021265805644,0.0,7.27
230700,0.54576225,0.016923591568675154,0.534115,0.5708,2.965,3.4645778963677527,0.0,6.58
230800,0.5610295,0.024039388698550518,0.539653,0.595173,3.1325000000000003,3.6453749235618185,0.0,6.82
230900,0.55454925,0.025108907123104082,0.522882,0.583892,3.5025000000000004,4.12194432276808,0.0,7.98
231000,0.5316195,0.013465718757892813,0.51197,0.542578,2.9699999999999998,3.547196075775908,0.0,7.05
231100,0.5440305,0.010893136355828222,0.532584,0.558232,3.0825,3.6166132868564573,0.0,6.95
231200,0.558905,0.012638644151965028,0.547552,0.571945,3.4924999999999997,4.136080068535102,0.0,8.11
231300,0.541671,0.015266784621087288,0.526068,0.562671,3.155,3.688915829888234,0.0,7.02
231400,0.564473,0.01701295198762791,0.544393,0.57966,3.3625,3.957022239007509,0.0,7.66
231500,0.5555725,0.016742482601653404,0.538196,0.569926,3.42,4.0183661688137216,0.0,7.75
231600,0.54413825,0.02221624064170174,0.51991,0.570349,2.94,3.501399720111944,0.0,6.93
231700,0.5478225,0.011960153301693097,0.533018,0.558582,3.165,3.7614314651029686,0.0,7.42
231800,0.5543767500000001,0.017668162182770106,0.529183,0.569991,3.5524999999999998,4.282175264979236,0.0,8.61
231900,0.5395215000000001,0.013148860394219213,0.52209,0.554031,3.1525,3.700516855791904,0.0,7.12
232000,0.5406847499999999,0.013897358822812353,0.524789,0.554096,3.325,3.9544784738319154,0.0,7.81
232100,0.55464525,0.005741758521277849,0.547863,0.560212,3.5975,4.274672502075451,0.0,8.43
232200,0.54015525,0.017301963903460973,0.525561,0.564348,3.1550000000000002,3.713260023214103,0.0,7.19
232300,0.5492619999999999,0.010897176606809658,0.53791,0.561851,3.1174999999999997,3.6668458289561796,0.0,7.09
232400,0.5518329999999999,0.019513966741798044,0.533601,0.578982,3.5675,4.19103308664264,0.0,8.08
232500,0.53816,0.005196035475886117,0.533543,0.544425,2.965,3.533397798154066,0.0,7.0
232600,0.54603325,0.008569087752886322,0.5409,0.558808,3.2199999999999998,3.8120598106535524,0.0,7.47
232700,0.5591489999999999,0.021650028822151713,0.539254,0.589546,3.2649999999999997,3.793929361493173,0.0,7.05
232800,0.5420609999999999,0.024977571339103416,0.504725,0.557177,2.965,3.5159493739244883,0.0,6.91
232900,0.54194175,0.022717900348623792,0.509995,0.560416,3.0725,3.658737259401573,0.0,7.24
233000,0.549585,0.010445839554578623,0.539514,0.560624,3.165,3.7429533793516585,0.0,7.32
233100,0.54559975,0.006603168803688094,0.538764,0.551959,2.95,3.500961772618109,0.0,6.89
233200,0.5556032500000001,0.019218485690865456,0.534389,0.579584,3.1574999999999998,3.7463437731562577,0.0,7.37
233300,0.5599740000000001,0.013818651043668015,0.545004,0.574899,3.5475,4.238847131001542,0.0,8.43
233400,0.550845,0.02330419239822169,0.525037,0.581098,3.0675,3.588512923203705,0.0,6.84
233500,0.551275,0.013578379505670021,0.533861,0.566558,3.1675,3.7000304052804753,0.0,7.02
233600,0.554909,0.0076791997412924435,0.54346,0.559919,3.4575,4.0461205699616345,0.0,7.72
233700,0.5432785,0.012845145762764498,0.529747,0.558357,2.9325,3.441815170323163,0.0,6.62
233800,0.548996,0.017575535401991804,0.529543,0.566091,3.1925,3.7349107530613543,0.0,7.12
233900,0.5634995,0.0271494234868195,0.531888,0.593248,3.5725,4.151797803361816,0.0,7.72
234000,0.5421704999999999,0.017070682050423936,0.528957,0.567074,2.9575,3.4360672771838057,0.0,6.38
234100,0.54471625,0.021853834314600265,0.514429,0.564771,3.215,3.761209911717239,0.0,7.17
234200,0.5624017499999999,0.026901999632926915,0.52589,0.590405,3.5324999999999998,4.177570067236056,0.0,8.17
234300,0.54364225,0.013002683296791738,0.52606,0.556379,2.99,3.5613761385172444,0.0,7.05
234400,0.56072275,0.011789525898723275,0.549728,0.575068,3.2075,3.7481673299538447,0.0,7.12
234500,0.5684130000000001,0.02078439393711861,0.54617,0.586469,3.3825,3.9828496916989806,0.0,7.72
234600,0.5514325,0.017961045301800576,0.529629,0.572028,2.9325,3.471151345975376,0.0,6.8
234700,0.5600097500000001,0.012933813265365088,0.541813,0.570366,3.13,3.753345174640883,0.0,7.5
234800,0.55442125,0.023936601560163025,0.523038,0.580849,3.3625,3.9936480816416458,0.0,7.87
234900,0.5420174999999999,0.018354725794737476,0.520855,0.564181,2.9225,3.41932132642332,0.0,6.52
235000,0.55030175,0.01703556893434052,0.528341,0.568253,3.09,3.630298426667795,0.0,7.0
235100,0.563305,0.024583224903715662,0.535421,0.591237,3.5949999999999998,4.2614903496312175,0.0,8.37
235200,0.547029,0.022521311551506048,0.524915,0.57836,2.9875,3.514819815201532,0.0,6.8
235300,0.5423705,0.023312882368624704,0.514776,0.568738,3.2649999999999997,3.83493155088849,0.0,7.39
235400,0.56788775,0.020152075482440995,0.54251,0.591357,3.8499999999999996,4.572461044120551,0.0,9.01
235500,0.5533144999999999,0.01608408788212749,0.534786,0.57321,3.1725000000000003,3.799538349150679,0.0,7.58
235600,0.55947825,0.01743880745874941,0.53558,0.57445,3.425,4.092704892040634,0.0,8.14
235700,0.5588145,0.02029899318521324,0.541522,0.587915,3.595,4.280689196846695,0.0,8.47
235800,0.5453330000000001,0.018232214146029185,0.534768,0.572593,2.985,3.5081286559455975,0.0,6.77
235900,0.55072875,0.020971790551039402,0.531849,0.574877,3.285,3.8637158280598225,0.0,7.47
236000,0.55998625,0.02773601067655547,0.523348,0.581927,3.67,4.295532563024054,0.0,8.2
236100,0.5439087499999999,0.011092972441295175,0.534256,0.557397,2.9725,3.4600325142980957,0.0,6.48
236200,0.54780125,0.012998396090159212,0.530811,0.561632,3.08,3.622006810227354,0.0,7.0
236300,0.5528775,0.010688898618036678,0.539157,0.56426,3.2199999999999998,3.7656075207063204,0.0,7.17
236400,0.5423024999999999,0.025142728763335693,0.51684,0.574021,2.9125,3.42986272805973,0.0,6.65
236500,0.5455645,0.022733549620183216,0.519725,0.573861,3.2125000000000004,3.8176203320917077,0.0,7.53
236600,0.557899,0.014908375789020972,0.543028,0.577688,3.4349999999999996,4.039971122009001,0.0,7.81
236700,0.5409415,0.016564135001059774,0.520307,0.560526,2.9725,3.5253120429261293,0.0,6.93
236800,0.54937975,0.023889140941370565,0.521056,0.579025,3.145,3.657225724507581,0.0,6.82
236900,0.55907275,0.02169969021860296,0.534474,0.586004,3.3975,3.968730905465877,0.0,7.53
237000,0.54505075,0.013822859505784829,0.527429,0.561202,2.8825000000000003,3.3613724875413618,0.0,6.34
237100,0.542027,0.012807821594635048,0.534051,0.561056,3.2975,3.8257058172316385,0.0,7.05
237200,0.55589525,0.013317013388268892,0.545359,0.575364,3.7199999999999998,4.362086656635789,0.0,8.37
237300,0.53660325,0.008839495550275106,0.527057,0.546583,3.0324999999999998,3.56583206746102,0.0,6.89
237400,0.5517017500000001,0.02046161188461618,0.522005,0.565489,3.3275,3.9505389927620427,0.0,7.78
237500,0.5590682499999999,0.026979010759909907,0.521156,0.578792,3.5,4.1472561210194545,0.0,8.14
237600,0.54924275,0.017920503906140615,0.531119,0.568243,2.9375,3.4597723913575584,0.0,6.71
237700,0.555126,0.012361097578020072,0.538064,0.5654,3.115,3.672832694256573,0.0,7.14
237800,0.56017225,0.012885843275341606,0.541361,0.568962,3.535,4.230212760606729,0.0,8.43
237900,0.5387465,0.01375128363705246,0.522227,0.550946,2.925,3.4600240846945947,0.0,6.77
238000,0.55703925,0.022213569117020965,0.529674,0.583952,3.4975,4.0749018393085255,0.0,7.66
238100,0.56045425,0.019175979216631053,0.54556,0.586448,3.4450000000000003,4.001412250693497,0.0,7.42
238200,0.544201,0.016325596895672746,0.520514,0.557855,2.9425,3.46704845654052,0.0,6.73
238300,0.546851,0.018118711286034307,0.525527,0.569611,3.2824999999999998,3.8084675395754655,0.0,7.02
238400,0.555566,0.02281978748075157,0.525651,0.581042,3.4524999999999997,4.041760136376229,0.0,7.72
238500,0.54851575,0.02201945105847709,0.518299,0.571145,3.0525,3.588512923203705,0.0,6.93
238600,0.55100475,0.007473454059759325,0.543448,0.558401,3.0875000000000004,3.66965370754971,0.0,7.24
238700,0.5610364999999999,0.014256687074258605,0.543208,0.57622,3.33,3.9102173852613364,0.0,7.53
238800,0.5471622500000001,0.010679219927035868,0.538224,0.560733,3.045,3.5500281689023256,0.0,6.69
238900,0.55686125,0.022553229279122455,0.533001,0.583139,3.1849999999999996,3.7310722319461997,0.0,7.14
239000,0.56297675,0.02027171205358181,0.538851,0.588052,3.4524999999999997,4.041760136376229,0.0,7.72
239100,0.5489809999999999,0.022400159374433026,0.528184,0.58,3.0075000000000003,3.495267037962431,0.0,6.5
239200,0.55694,0.020147689247156833,0.54252,0.586629,3.1624999999999996,3.711876210220378,0.0,7.14
239300,0.5699575,0.023975704153719184,0.548392,0.602087,3.5175,4.070858836494661,0.0,7.37
239400,0.55354525,0.0152007394858496,0.531241,0.565044,2.9074999999999998,3.4090797878606476,0.0,6.54
239500,0.5482405,0.01471508374650538,0.528972,0.560386,3.2275,3.7787773595877985,0.0,7.22
239600,0.5621007499999999,0.022160749135577525,0.541122,0.583499,3.6025,4.1950953505254205,0.0,7.87
239700,0.54351525,0.01955163478885246,0.521105,0.561267,3.0625,3.5524674523491413,0.0,6.54
239800,0.550886,0.029464116345140918,0.52835,0.594136,3.2325,3.734714402289239,0.0,6.62
239900,0.5550705,0.02190360508379082,0.531237,0.582731,3.4175,3.996601681428861,0.0,7.61
240000,0.54366275,0.01464233436250293,0.524986,0.559914,2.9924999999999997,3.5405402130183465,0.0,6.93
240100,0.55281825,0.015873932685905756,0.534519,0.567106,3.1375,3.716453282364787,0.0,7.29
240200,0.5605797499999999,0.02907787864081562,0.530354,0.592887,3.325,3.878156778677211,0.0,7.32
240300,0.5442162500000001,0.02319892508106069,0.522503,0.573567,3.0025,3.4904667787179027,0.0,6.5
240400,0.5576445,0.024155265961414464,0.537871,0.592821,3.165,3.6691915549159693,0.0,6.73
240500,0.563755,0.030754727452322973,0.52991,0.60379,3.4325,4.02884081757189,0.0,7.75
240600,0.5496099999999999,0.026141402882528444,0.526666,0.587201,2.98,3.5039882039375265,0.0,6.77
240700,0.5490135,0.025684113552933856,0.52103,0.583164,3.1,3.6315744978360742,0.0,6.95
240800,0.5584899999999999,0.01751810570048407,0.535614,0.574485,3.4225,4.066746242390838,0.0,8.02
240900,0.5486895,0.014393095485915006,0.536934,0.567651,3.075,3.681245260325189,0.0,7.34
241000,0.554612,0.006977941148122865,0.546567,0.562279,3.3,3.903980874270091,0.0,7.64
241100,0.55859825,0.012056822062633256,0.550907,0.576593,3.335,3.91738433141299,0.0,7.55
241200,0.538958,0.017353290504493177,0.525438,0.56397,2.8825000000000003,3.3464645523298167,0.0,6.19
241300,0.548831,0.02679750905090494,0.525294,0.574135,3.2725,3.845702146552694,0.0,7.42
241400,0.55582825,0.03427453997138399,0.524201,0.592502,3.645,4.225608437452134,0.0,7.75
241500,0.53837475,0.02190903167455531,0.510485,0.562038,3.04,3.530325764005356,0.0,6.54
241600,0.542259,0.018529346597582232,0.519731,0.557537,3.2225,3.746575102677111,0.0,6.98
241700,0.55908375,0.020307128623137903,0.543871,0.588692,3.5225,4.078940834742928,0.0,7.42
241800,0.55159175,0.01635697729563746,0.534706,0.573379,2.96,3.484451176297352,0.0,6.75
241900,0.5591917500000001,0.018947648391906945,0.537809,0.583535,3.29,3.815914045153533,0.0,7.02
242000,0.5567112500000001,0.01825156646016995,0.533555,0.578196,3.4000000000000004,4.036706578387882,0.0,7.95
242100,0.5472705,0.02685949998914099,0.526796,0.585768,2.9825,3.489014903952117,0.0,6.65
242200,0.5611122500000001,0.022224446365432835,0.544372,0.593338,3.2750000000000004,3.8945132344534836,0.0,7.69
242300,0.5592412499999999,0.018380563545495526,0.544599,0.586143,3.3175,3.899798071695508,0.0,7.53
242400,0.5452815,0.02219232456654025,0.520758,0.57455,2.8125,3.287444549595729,0.0,6.25
242500,0.5571272500000001,0.019970167540191847,0.531297,0.579822,3.13,3.671321288037864,0.0,7.05
242600,0.55739725,0.020117988838764832,0.536435,0.583101,3.4575,4.075834270428571,0.0,7.92
242700,0.541424,0.011450766524560714,0.530419,0.554249,2.8925,3.387834854298539,0.0,6.48
242800,0.54704325,0.015540694651462662,0.529354,0.561768,3.16,3.684933287501055,0.0,6.95
242900,0.558665,0.017617410990267555,0.540816,0.579267,3.415,3.957486576098522,0.0,7.24
243000,0.5448120000000001,0.013540984774626516,0.535209,0.564826,2.9450000000000003,3.4162406238437013,0.0,6.29
243100,0.54527025,0.00789800398307485,0.5358,0.554534,3.12,3.6768464749020997,0.0,7.14
243200,0.5614520000000001,0.011981697375580783,0.544158,0.57173,3.5225,4.122833774642549,0.0,7.87
243300,0.54520625,0.015054167537595685,0.534622,0.566651,3.04,3.545447785541341,0.0,6.69
243400,0.5547832500000001,0.01580948665358868,0.542201,0.577907,3.1624999999999996,3.7047750718948285,0.0,7.09
243500,0.55308425,0.013601533354123469,0.540861,0.56518,3.425,4.013880084573197,0.0,7.69
243600,0.54634925,0.015534693138799582,0.528293,0.560655,2.925,3.414024995026643,0.0,6.46
243700,0.55268625,0.013793687236679465,0.534604,0.563543,3.1475,3.651733606567343,0.0,6.73
243800,0.557707,0.01045648567476985,0.543855,0.567377,3.4574999999999996,4.093054075707609,0.0,8.02
243900,0.54107775,0.012639079274878662,0.525288,0.553081,3.0375,3.5794261644384657,0.0,6.95
244000,0.5447455,0.019230574345730448,0.521549,0.5617,3.1975,3.741927978996923,0.0,7.14
244100,0.5608789999999999,0.01164369463128721,0.544928,0.569777,3.3,3.8581169845750747,0.0,7.34
244200,0.53555725,0.011628374130404769,0.524752,0.546172,2.9875,3.514819815201532,0.0,6.8
244300,0.53778575,0.0194275579933077,0.516651,0.561528,3.0300000000000002,3.5387662633560115,0.0,6.71
244400,0.5558319999999999,0.023520599524671962,0.52932,0.577063,3.5625,4.1962711621946776,0.0,8.14
244500,0.5406135,0.014562287286000111,0.527718,0.558366,3.025,3.604566548144173,0.0,7.14
244600,0.55668075,0.0060356136597697774,0.551285,0.563723,2.98,3.4780454281104496,0.0,6.58
244700,0.57060275,0.02041976513699409,0.545266,0.594197,3.3449999999999998,3.9146264189574977,0.0,7.47
244800,0.5521619999999999,0.01644480163050521,0.530086,0.569892,2.965,3.4574123271602994,0.0,6.52
244900,0.5599584999999999,0.008589441367167003,0.547693,0.567722,3.175,3.694577107058398,0.0,6.91
245000,0.5664925,0.011490728102837244,0.551615,0.577476,3.3875,3.9747987370431725,0.0,7.64
245100,0.546935,0.0162170799878811,0.531264,0.566287,3.135,3.666110563890111,0.0,6.98
245200,0.55036675,0.012096764315992416,0.53289,0.559969,2.955,3.483642729481119,0.0,6.77
245300,0.56231575,0.03083466658784125,0.523373,0.593202,3.355,4.004135362347283,0.0,7.95
245400,0.5503312499999999,0.017689758720325535,0.526286,0.56605,2.9975,3.5261534755783583,0.0,6.82
245500,0.544288,0.022958919385139484,0.512705,0.562338,3.085,3.688120569251137,0.0,7.34
245600,0.55275925,0.014421373614072497,0.533704,0.564784,3.1475,3.7241139885884267,0.0,7.29
245700,0.5464154999999999,0.020517235526909247,0.520218,0.566487,2.92,3.4561732209675675,0.0,6.77
245800,0.54503425,0.0190634030780621,0.519343,0.560583,3.19,3.7801058186246586,0.0,7.42
245900,0.5540022499999999,0.011366432022260415,0.539762,0.567577,3.3625,3.9618209197287046,0.0,7.69
246000,0.547087,0.0190082151888773,0.523595,0.569796,2.9175,3.3892612272686606,0.0,6.29
246100,0.55405175,0.019014444621129507,0.536852,0.580119,3.0925,3.6027154110938784,0.0,6.77
246200,0.5574915,0.02740447910470113,0.534171,0.591803,3.3975,3.956146062352434,0.0,7.42
246300,0.54419525,0.023015514178846112,0.51629,0.569721,2.965,3.4645778963677527,0.0,6.58
246400,0.55224425,0.01933761564714395,0.530258,0.5739,3.0725,3.587899803506224,0.0,6.8
246500,0.56500125,0.021991826957228174,0.536998,0.590331,3.5025000000000004,4.133363239139124,0.0,8.05
246600,0.5474965,0.024842703268095973,0.530148,0.583822,2.9925,3.497841000769856,0.0,6.65
246700,0.5569594999999999,0.023703652552577902,0.535947,0.590092,3.1174999999999997,3.6668458289561796,0.0,7.09
246800,0.5631385,0.024488224387788245,0.531365,0.58885,3.27,3.8563713514131392,0.0,7.5
246900,0.550513,0.026259082936513002,0.520844,0.583987,2.935,3.4329142139004873,0.0,6.54
247000,0.56008925,0.021900001208143068,0.530747,0.583786,3.2975,3.8933308361864136,0.0,7.59
247100,0.5589777499999999,0.02176439989792199,0.538167,0.589498,3.63,4.247305027897101,0.0,8.1
247200,0.54482475,0.019592594253526878,0.518423,0.565189,3.1325000000000003,3.677801653161845,0.0,7.08
247300,0.5569335,0.012852689951912777,0.539567,0.56807,3.4425,4.126147315192062,0.0,8.24
247400,0.555837,0.009791389857080217,0.54793,0.569639,3.5275,4.238375278334848,0.0,8.49
247500,0.5428955,0.016170189166075544,0.520753,0.559131,3.04,3.6154114565288413,0.0,7.14
247600,0.541484,0.017557870353016425,0.518536,0.555256,3.3175,3.935533635988899,0.0,7.74
247700,0.55610875,0.016462126257463426,0.533965,0.572648,3.5575,4.2585003228836324,0.0,8.49
247800,0.5431495000000001,0.010010231482504971,0.529412,0.552834,3.085,3.772253968120386,0.0,7.69
247900,0.541437,0.014123746339646123,0.522987,0.557397,3.2725,3.9088905075481453,0.0,7.77
248000,0.5626942500000001,0.021808328277288902,0.534498,0.585911,3.7424999999999997,4.412983684538161,0.0,8.58
248100,0.541865,0.016530931693847947,0.520482,0.560492,3.1325000000000003,3.691805114032971,0.0,7.17
248200,0.5457415,0.020554035362105098,0.515107,0.559102,3.4025,4.040465113490442,0.0,7.96
248300,0.5542715,0.017145814834335905,0.540583,0.577099,3.685,4.414525267039859,0.0,8.81
248400,0.5461820000000001,0.019251896928181727,0.526402,0.564501,3.1475,3.7695390964944244,0.0,7.52
248500,0.54626925,0.0060623336197100225,0.538213,0.551276,3.26,3.9067121726587435,0.0,7.8
248600,0.5535622499999999,0.01821489085656749,0.531629,0.574413,3.3375,3.9179958737429352,0.0,7.54
248700,0.54409475,0.020424393281482493,0.520516,0.564338,3.1025,3.64523776087834,0.0,7.03
248800,0.548533,0.016779061614603668,0.528661,0.568164,3.135,3.725842186674041,0.0,7.35
248900,0.559238,0.023849749698197382,0.543522,0.594289,3.5600000000000005,4.192636402074476,0.0,8.13
249000,0.54198125,0.01789039933176451,0.52596,0.566913,3.0775,3.612389560018871,0.0,6.95
249100,0.544567,0.01848234575660427,0.53247,0.572011,3.0675,3.578615886996908,0.0,6.76
249200,0.55000275,0.022888686046094165,0.528612,0.581432,3.4775,4.070236479616387,0.0,7.77
249300,0.536772,0.016744101628135614,0.523087,0.560705,3.08,3.6383512749595797,0.0,7.1
249400,0.5526505,0.015281604682318746,0.539179,0.57019,3.5549999999999997,4.193530731972761,0.0,8.16
249500,0.555295,0.022353682396121365,0.524331,0.576857,3.895,4.552043497155975,0.0,8.65
249600,0.5468232500000001,0.014757552199354311,0.524712,0.555181,3.2824999999999998,3.9328393051331245,0.0,7.85
249700,0.5524264999999999,0.013025920069870972,0.540859,0.565073,3.51,4.158509348312204,0.0,8.16
249800,0.55394525,0.012801060929339667,0.535702,0.565674,3.5975,4.256151430576689,0.0,8.33
249900,0.55080775,0.01732206726259888,0.529243,0.570627,3.2800000000000002,3.924657097547929,0.0,7.82
250000,0.54699125,0.019723731465335535,0.521678,0.564377,3.3600000000000003,4.054035026982376,0.0,8.16
